id,domain,status,purchase_price,renewal_price,attractiveness,demand,length,registrar,created_at,expires_at,status_verified_at
0393ae68-af80-4b0e-9809-81e953c1ce22,enlivening.finance,available,11.99,84.99,medium,low,10,name.com,,,
23134098-aaca-4907-9366-c56d6ca0eb1c,corrupted.finance,available,20.99,64.99,medium,low,9,namesilo,,,23/09/2026 23:59
e02bbf4c-3ddb-45f1-9f7c-63f7f24a9ba5,stripy.finance,available,17.48,82.98,medium,low,6,namecheap,,,10/09/2026 22:46
2faec9a3-07fd-46d6-8de6-b674dc7275d5,pager.finance,available,20.99,64.99,high,low,5,namesilo,,,23/09/2026 01:32
8397721c-9610-4fa2-ae31-6383aab56e22,bicycles.finance,available,20.99,64.99,medium,low,8,namesilo,,,18/09/2026 23:48
934b3de1-42ea-4214-a9ee-32e1845cf8ee,submit.finance,available,50.2,50.2,high,low,6,cloudflare,,,27/09/2026 16:26
f9644da2-657c-4165-973a-a9cb35b0d3b6,dom.finance,resell,,,high,medium,3,,,,28/09/2026 07:01
054e1213-8698-4a41-87ff-5826ecd61cd3,quechua.finance,available,11.99,84.99,high,low,7,name.com,,,22/08/2026 15:21
0b7ba338-8291-4cce-b0fb-2c4d7feec124,untenable.finance,available,11.99,84.99,medium,low,9,name.com,,,22/08/2026 02:35
d566df09-bb59-42be-9313-0f026af1d95d,tactful.finance,available,11.99,84.99,high,low,7,name.com,,,22/08/2026 15:49
ce438127-3f4f-48fc-a20a-94c9d9798fad,suspicion.finance,available,20.99,64.99,high,low,9,namesilo,,,24/09/2026 23:14
95595d3c-e0c2-4d14-8966-0849437ba55f,dispersed.finance,available,11.99,84.99,medium,low,9,name.com,,,14/08/2026 11:56
d3ceaabe-63d1-4e44-837d-eb8e64b343b2,place.finance,resell,,,high,low,5,Dynadot Inc,20/06/2026 17:00,20/06/2027 17:00,26/09/2026 08:11
29e77b17-2721-4ed0-98b2-e5ab11514e96,bromide.finance,available,11.99,84.99,medium,low,7,name.com,,,12/08/2026 19:15
964ebc44-cf99-4c32-8764-7ef3db632483,bunch.finance,available,20.99,64.99,high,low,5,namesilo,,,29/09/2026 05:23
d0d70297-a092-4929-a02c-93a302e73300,decreasing.finance,available,11.99,84.99,high,low,10,name.com,,,13/08/2026 22:12
2166a1f8-c8a3-4b88-b3d1-6324de065e7e,engrossing.finance,available,11.99,84.99,high,low,10,name.com,,,
a6307a07-03f0-43be-9bff-916525014c4c,lemony.finance,available,11.99,84.99,medium,low,6,name.com,,,22/08/2026 23:24
0444fdbb-4d3a-40d1-9d42-7288d46690c8,skepticism.finance,available,20.99,64.99,medium,low,10,namesilo,,,24/09/2026 22:29
8da6dc95-54cf-433a-97ee-23396dbab295,balas.finance,available,17.48,82.98,medium,low,5,namecheap,,,21/09/2026 21:07
46f3dca1-b190-4396-847d-5acf6bc9ec25,sued.finance,available,15.99,,low,low,4,name.com,,,
5b77943d-e5f8-4f7a-b0e1-0ea2112f68dd,provided.finance,available,17.48,82.98,medium,low,8,namecheap,,,16/09/2026 09:17
f9322e6c-fafd-495f-81b8-25556c4281b9,downwind.finance,available,11.99,84.99,medium,low,8,name.com,,,14/08/2026 18:03
9199d978-f732-4c7f-965b-45430b94bad3,expelled.finance,available,20.99,64.99,low,low,8,namesilo,,,28/09/2026 12:50
79b311a9-329a-41bb-b052-1bed5b349b53,runners.finance,available,20.99,64.99,high,low,7,namesilo,,,18/09/2026 06:01
c25c5a2c-f953-4ada-9b08-3e5656df8f3d,harriet.finance,available,20.99,64.99,high,low,7,namesilo,,,27/09/2026 22:29
12417fb3-4836-44ad-bf20-276e1f5e3076,drily.finance,available,17.48,82.98,medium,low,5,namecheap,,,14/09/2026 14:23
48e6517e-80b8-4fd0-aa74-c9df46580c36,errorless.finance,available,11.99,84.99,medium,low,9,name.com,,,17/08/2026 13:01
4a8271ca-5d2a-4ce0-9975-a7e368021aa6,healthy.finance,resell,,,high,low,7,"Spaceship, Inc.",27/08/2025 15:15,27/08/2027 15:15,26/09/2026 06:36
94fa1233-b4b2-44fe-aaf1-c773ce566ca7,smokeless.finance,available,17.48,82.98,high,low,9,namecheap,,,10/09/2026 11:57
053ab68d-ee9c-4be1-8f0d-036a8bd058cb,throughout.finance,available,11.99,84.99,medium,low,10,name.com,,,17/08/2026 00:49
0a249c3c-8024-48cb-b2da-619b1eeb1705,chimpanzee.finance,available,20.99,64.99,high,low,10,namesilo,,,24/09/2026 14:39
6e9339f0-02ad-4617-9580-3261ac61ad87,aided.finance,available,20.99,64.99,high,low,5,namesilo,,,19/09/2026 12:43
84fadaf2-9137-434d-b5cc-029cf0db7ce7,cycloidal.finance,available,11.99,84.99,medium,low,9,name.com,,,13/08/2026 13:40
82557a9c-7821-41cd-8383-20eb26309d6f,ageism.finance,available,20.99,64.99,medium,low,6,namesilo,,,17/09/2026 16:54
c12fcc9c-8046-4b7e-9da3-20549af3e583,annulus.finance,available,20.99,64.99,medium,low,7,namesilo,,,19/09/2026 03:40
8b14663d-91af-48ea-89c6-179d260c7025,breads.finance,available,20.99,64.99,medium,low,6,namesilo,,,18/09/2026 04:07
fa625383-cee3-4af6-a238-db0bb569cf99,crossways.finance,available,17.48,82.98,medium,low,9,namecheap,,,14/09/2026 09:48
2dda23db-b2ea-4148-b2a7-3633cdcd3c0a,basophil.finance,available,20.99,64.99,medium,low,8,namesilo,,,22/09/2026 11:30
a52e2488-1428-41fe-8393-e113095130af,item.finance,available,6.64,53.72,high,low,4,dynadot,,,28/09/2026 09:23
54639c0e-e6fe-40f9-b032-c0c701dd0c5b,homely.finance,available,11.99,84.99,high,low,6,name.com,,,21/08/2026 11:04
7b7a494a-50f9-4999-a23f-e03f6a1887f9,backhoe.finance,available,20.99,64.99,medium,low,7,namesilo,,,21/09/2026 15:37
7ccc99ee-0fb4-4a4a-8ba3-5ca5ab955ae8,modeling.finance,available,20.99,64.99,high,low,8,namesilo,,,24/09/2026 15:25
9497ba8f-a375-48bf-8a98-950ce9ea067c,dispatching.finance,available,15.99,,high,low,11,name.com,,,
06a6355b-2242-44f4-8166-45e6adc0d556,bib.finance,available,20.99,64.99,high,low,3,namesilo,,,23/09/2026 12:42
cc4ceb38-9d25-4e14-9710-c7197664ad89,wily.finance,available,11.99,84.99,medium,low,4,name.com,,,13/08/2026 04:38
1eca4e38-71bc-4152-9586-18490bce95ab,seasick.finance,available,11.99,84.99,medium,low,7,name.com,,,
3d4e34f7-ae16-4fcb-b9e4-403d158cd464,anthyllis.finance,available,20.99,64.99,medium,low,9,namesilo,,,19/09/2026 14:04
813e88c3-e68c-4f5a-9842-a081ac9a2781,honorary.finance,available,11.99,84.99,high,low,8,name.com,,,21/08/2026 13:29
edb03dae-6548-47ca-ba77-2558417eeaec,irving.finance,available,20.99,64.99,medium,low,6,namesilo,,,25/09/2026 07:50
faccb446-01f1-4ad3-b46e-db520e1dd2f8,alep.finance,available,20.99,64.99,medium,low,4,namesilo,,,18/09/2026 05:14
c0ab03a5-3285-41a0-b534-ab668ae2d5e2,eyepiece.finance,available,17.48,82.98,medium,low,8,namecheap,,,04/09/2026 00:46
44490d9c-1f04-477a-818c-34960e0db774,techniques.finance,available,20.99,64.99,medium,low,10,namesilo,,,19/09/2026 01:18
2910b777-839f-4085-80ca-c31afdd67f38,muffle.finance,available,11.99,84.99,medium,low,6,name.com,,,13/08/2026 16:49
a04a60da-323e-47b9-9e88-e2851aae0827,lii.finance,available,11.99,84.99,medium,low,3,name.com,,,
31925c54-ad78-4c1c-8a29-b4419fab8e4d,syrup.finance,resell,,,high,low,5,,,,28/09/2026 06:44
4cbc2c49-23eb-48bf-aaf1-3eb7e4fcc9de,untasted.finance,available,17.48,82.98,low,low,8,namecheap,,,12/09/2026 21:05
d047f04d-78e3-45de-869f-c2f640d6be55,paying.finance,available,20.99,64.99,high,low,6,namesilo,,,24/09/2026 22:11
27b97fdc-d0a8-4785-b15b-85775cd9e59e,atrip.finance,available,11.99,84.99,low,low,5,name.com,,,07/08/2026 14:33
8335ba2d-b8dc-4609-bcd8-28e0bfd7b36b,outsized.finance,available,17.48,82.98,medium,low,8,namecheap,,,04/09/2026 19:40
f0a0e3c8-5810-4998-9181-5301f16dbb78,ocellated.finance,available,17.48,82.98,medium,low,9,namecheap,,,04/09/2026 00:29
dc5107df-264a-41d1-a895-6283f7d7bbf8,antitank.finance,available,11.99,84.99,medium,low,8,name.com,,,05/08/2026 19:44
0aa6a9fb-2648-4fa9-a004-aeef1e90e737,alum.finance,available,11.99,84.99,high,low,4,name.com,,,20/08/2026 17:49
aa797a42-0bfe-470b-899e-1415da4f8611,episodic.finance,available,11.99,84.99,medium,low,8,name.com,,,17/08/2026 11:11
3e37210b-a86e-4e5c-b95c-f99ae4f4cfdb,attestor.finance,available,20.99,64.99,medium,low,8,namesilo,,,21/09/2026 01:38
25c34647-3cae-4ebc-ac73-5304cf51278a,net.finance,resell,,,high,medium,3,Porkbun LLC,21/03/2024 23:47,21/03/2027 23:47,26/09/2026 07:45
fa21a954-dd45-44fd-9d59-81ab1487271a,southampton.finance,available,20.99,64.99,medium,low,11,namesilo,,,25/09/2026 14:27
8b5a3349-5e48-44da-9b17-9d927a41702c,bordello.finance,available,17.48,82.98,medium,low,8,namecheap,,,21/09/2026 18:17
2e42a169-4d16-4df2-840a-e56d5afbac65,swazi.finance,available,17.48,82.98,high,low,5,namecheap,,,11/09/2026 05:27
e7ef627e-4279-44e9-b454-092f1bbda2b1,frustrate.finance,available,17.48,82.98,medium,low,9,namecheap,,,24/09/2026 12:25
a475cb12-a6a7-461f-882c-8c669b1d27c0,ocher.finance,available,17.48,82.98,medium,low,5,namecheap,,,04/09/2026 00:31
cbb2adc8-a82a-4942-8269-97dfdbde476b,zymoid.finance,available,17.48,82.98,medium,low,6,namecheap,,,13/09/2026 15:55
1f913c88-2625-4979-be0d-ce5eb0706c23,androgen.finance,available,20.99,64.99,medium,low,8,namesilo,,,19/09/2026 04:53
efa72d78-d642-44f0-9c6a-ecf551e70f2c,lawless.finance,available,11.99,84.99,medium,low,7,name.com,,,
27d1eb78-6c85-424f-8c07-80f502f71acf,captious.finance,available,11.99,84.99,medium,low,8,name.com,,,11/08/2026 18:18
70faf05a-e6c7-45b8-8e22-f43a06bf81dc,wilfred.finance,available,15.73,51.95,medium,low,7,spaceship,,,28/09/2026 07:49
1d6bc46d-ac50-4755-8c97-a4bc07ff75b8,handwoven.finance,available,11.99,84.99,medium,low,9,name.com,,,20/08/2026 23:19
78777829-1e70-4ac5-944d-b2e14cff1b81,tape.finance,available,15.99,,high,low,4,name.com,,,
58f3f466-6971-4483-9cb0-c7941eb1daaa,nettle.finance,available,20.99,64.99,high,low,6,namesilo,,,24/09/2026 22:02
e6572125-7b83-496d-be3f-6fa43a3a615a,carrot.finance,resell,,,high,low,6,,,,29/09/2026 00:20
00ffea37-a749-407c-ad8c-0e4e5c810570,russ.finance,available,50.2,50.2,high,low,4,cloudflare,,,27/09/2026 18:02
3db05470-4062-4a8e-8b87-ac0210916c76,rump.finance,available,11.99,84.99,medium,low,4,name.com,,,09/08/2026 11:28
44738763-3420-4b74-8434-2c35e0d6b065,mls.finance,resell,,,high,low,3,,,,28/09/2026 02:21
18ec9765-578d-4f0c-8b76-e537ff86722f,pleasing.finance,available,11.99,84.99,high,low,8,name.com,,,27/09/2026 04:10
6b60a262-98ea-41e1-988f-cc42d75fce01,lands.finance,available,20.99,64.99,medium,low,5,namesilo,,,28/09/2026 04:27
7a22427f-8d94-4d9a-8c98-203530f06eeb,conan.finance,available,15.73,51.95,medium,low,5,spaceship,,,28/09/2026 07:59
f7d4f45d-d895-47b3-b770-79222e34c813,slides.finance,available,50.2,50.2,medium,low,6,cloudflare,,,29/09/2026 05:46
a6fa469e-eea6-4d90-83c9-1b6a4397008a,lackluster.finance,available,11.99,84.99,medium,low,10,name.com,,,22/08/2026 18:07
bc611fa5-52d9-4d02-bbcb-9e282644422c,appease.finance,available,11.99,84.99,high,low,7,name.com,,,18/08/2026 22:08
25bc562e-3f2a-4707-96cd-5c2b9d06d492,autolytic.finance,available,11.99,84.99,medium,low,9,name.com,,,07/08/2026 20:42
2dce5e95-ceed-4fb7-b48e-e15739104f80,ambitions.finance,available,20.99,64.99,medium,low,9,namesilo,,,20/09/2026 04:21
c6ec829e-4e08-4c32-b6c4-faf807987c7c,necklace.finance,available,50.2,50.2,high,low,8,cloudflare,,,27/09/2026 14:59
d6616677-980c-4c68-9661-119d0ec73709,allison.finance,available,17.48,82.98,medium,low,7,namecheap,,,25/09/2026 17:48
8f930cf5-aef4-4e10-ad25-6b3820f6474e,stupefy.finance,available,11.99,84.99,medium,low,7,name.com,,,21/09/2026 17:33
aef1f620-2204-44bd-bcef-b49951d24e8b,skillful.finance,available,20.99,64.99,high,low,8,namesilo,,,21/09/2026 17:27
72fa345f-0c9f-477c-a5bd-173820b1a76d,disregarded.finance,available,15.99,,medium,low,11,name.com,,,
4f258426-a14f-4539-9e43-76548a2cc2ce,joanne.finance,available,6.69,52.01,high,low,6,porkbun,,,27/09/2026 19:17
095d78a1-2fbd-4dd7-b50e-da56e2e4ac24,agaricus.finance,available,20.99,64.99,medium,low,8,namesilo,,,17/09/2026 16:23
e10cb12c-e814-417a-a8c0-597b32b0b9ff,glut.finance,available,17.48,82.98,high,low,4,namecheap,,,23/09/2026 17:21
4c02ec25-ddd6-492f-a719-635aba853672,disgrace.finance,available,15.99,,high,low,8,name.com,,,
822c85a5-363a-4ea6-a145-b8775391df13,colourise.finance,available,11.99,84.99,medium,low,9,name.com,,,12/08/2026 17:38
7eca7d46-1db0-4cad-a594-0d75c3f99cf6,install.finance,available,15.99,,high,low,7,name.com,,,
a53e96c6-3b43-4069-90dd-9b907674eda6,yarrow.finance,available,20.99,64.99,medium,low,6,namesilo,,,17/09/2026 00:36
7c1532b4-a779-4584-9d46-7137f3042ac0,jeremy.finance,available,20.99,64.99,high,low,6,namesilo,,,27/09/2026 10:46
d941d0bc-84b5-45ec-8d16-0c0bf2c6096f,undersea.finance,available,17.48,82.98,high,low,8,namecheap,,,11/09/2026 00:18
9bdd2c05-17bb-4b19-8c56-2eeaee420f75,scribe.finance,resell,,,high,low,6,"Sav.com, LLC - 24",30/05/2026 15:16,30/05/2027 15:16,26/09/2026 08:52
b7bad8da-57f2-4309-99b4-348f961bb966,deterrent.finance,available,11.99,84.99,medium,low,9,name.com,,,14/08/2026 04:48
b23a9981-7cab-4e00-9ab7-851c444053c6,cranky.finance,available,11.99,84.99,medium,low,6,name.com,,,13/08/2026 04:53
7199b6e3-c4d1-4b3e-9fdf-cf802335e98e,fiery.finance,available,11.99,84.99,high,low,5,name.com,,,06/08/2026 16:24
adb28230-8914-412f-bf18-659f9ce6fe61,oversea.finance,available,17.48,82.98,medium,low,7,namecheap,,,04/09/2026 21:46
970693c0-bee3-44f9-ac46-bb8ff5b75c92,kate.finance,available,17.48,82.98,high,low,4,namecheap,,,25/09/2026 12:02
7b60b449-145f-4cde-922b-8361e77cd99c,paternal.finance,available,11.99,84.99,high,low,8,name.com,,,
f9024fea-8271-4cd4-b975-a90cd9cc5af9,miocene.finance,available,20.99,64.99,high,low,7,namesilo,,,25/09/2026 23:43
6be257f5-9bf2-4193-8de3-a29ef4660630,eyeshadow.finance,available,11.98,82.98,medium,low,10,namecheap,,,
07a1007e-6288-46c0-8721-b81876bee586,midland.finance,available,11.99,84.99,high,low,7,name.com,,,24/08/2026 22:36
ef0a4b9a-30eb-41e9-91e5-aedd487b387c,mystical.finance,available,17.48,82.98,high,low,8,namecheap,,,03/09/2026 12:24
17d47257-0b12-4c96-8c92-224321f7fc38,terrorism.finance,available,20.99,64.99,medium,low,9,namesilo,,,17/09/2026 04:10
5d3c5897-e23a-419f-bf71-604db37a266a,next.finance,resell,,,high,high,4,"Spaceship, Inc.",28/05/2025 15:15,28/05/2027 15:15,26/09/2026 07:46
35a4723f-5821-4f9e-b5fe-edab6347c085,survived.finance,available,11.99,84.99,medium,low,8,name.com,,,19/09/2026 19:18
c5e93112-97ba-4d89-83a7-0d80e0b02f4d,jawless.finance,available,11.99,84.99,medium,low,7,name.com,,,22/08/2026 12:34
2c5161c1-8b61-427a-8f36-741f9ae76385,indentured.finance,available,11.99,84.99,medium,low,10,name.com,,,06/08/2026 08:34
08c7b063-a96f-4155-8cf9-e7b92472f9c7,newberry.finance,available,20.99,64.99,medium,low,8,namesilo,,,28/09/2026 21:39
248cb25b-9b24-418f-876e-c92578efd4c8,polemist.finance,available,17.48,82.98,medium,low,8,namecheap,,,08/09/2026 22:57
150891a1-6cb4-4810-92ab-7530918998f2,worrisome.finance,available,11.99,84.99,medium,low,9,name.com,,,14/08/2026 13:21
6705546c-c58b-4014-82ce-cd51063415fd,acheron.finance,available,20.99,64.99,medium,low,7,namesilo,,,17/09/2026 00:29
75233dfc-1c47-4dd8-9ffa-6c26738ff37e,disharmony.finance,available,20.99,64.99,medium,low,10,namesilo,,,24/09/2026 22:38
fef55eba-d24d-45b9-8190-9b3db30947bf,alpenstock.finance,available,20.99,64.99,medium,low,10,namesilo,,,18/09/2026 13:32
c7264c31-cca8-4adf-877d-202887277fc6,pies.finance,available,15.99,,medium,low,4,name.com,,,
9002204d-613c-446a-97cf-e2a3fe242682,tease.finance,available,17.48,82.98,high,low,5,namecheap,,,11/09/2026 09:59
d2597a57-921a-4f22-8a43-85792895e4f8,keene.finance,available,20.99,64.99,high,low,5,namesilo,,,28/09/2026 03:36
d4b87b7b-7ec9-4258-986c-b11d6402b860,flak.finance,available,11.99,84.99,medium,low,4,name.com,,,
3a626268-746d-48ba-99f4-d0b4887abb1b,supermodel.finance,available,15.99,,high,low,10,name.com,,,
3a38d758-d228-460b-9715-acc9527c970b,olives.finance,available,20.99,64.99,medium,low,6,namesilo,,,20/09/2026 04:34
a3bf0cf0-2b3e-4788-bef6-2714a8488cc3,plans.finance,premium,118.8,118.8,high,low,5,namesilo,,,
8918334f-20c1-40e7-9511-7a26899d9ded,lxii.finance,available,11.99,84.99,medium,low,4,name.com,,,
c7a1683b-9f38-4b53-bd0b-a42e84b49801,inert.finance,available,11.99,84.99,high,low,5,name.com,,,22/08/2026 03:57
bc404aeb-017f-4b87-8ede-569343b8fe7e,basil.finance,resell,,,high,low,5,"Sav.com, LLC - 30",04/08/2026 15:16,04/08/2027 15:16,26/09/2026 04:17
0f3d81dc-23ab-4744-8f89-bcb3f9efd017,literal.finance,available,20.99,64.99,high,low,7,namesilo,,,25/09/2026 13:58
22b4f336-0673-462d-9bcf-53507f90ed04,alexanders.finance,available,20.99,64.99,medium,low,10,namesilo,,,18/09/2026 05:47
c7ac79bc-aee7-46f6-8422-499f097e7b84,tiptoe.finance,available,17.48,82.98,medium,low,6,namecheap,,,11/09/2026 16:21
e38dd1b2-5b6c-4fda-8d44-58ce21321497,consumer.finance,resell,,,high,low,8,"GoDaddy.com, LLC",31/08/2015 23:45,31/08/2027 23:45,26/09/2026 05:13
23c0fc56-8ce0-42c8-aa1b-930203786261,ilama.finance,available,20.99,64.99,medium,low,5,namesilo,,,19/09/2026 10:33
d5b549db-87fd-4078-aec8-a185891883f8,slew.finance,available,11.99,84.99,high,low,4,name.com,,,25/08/2026 00:42
f27677a0-7db4-4883-8985-3d9973cec63e,balboa.finance,premium,85.8,85.8,high,low,6,namecheap,,,21/09/2026 21:24
27cc4564-a6ac-459a-beea-a4afdb16c37d,unhampered.finance,available,17.48,82.98,medium,low,10,namecheap,,,12/09/2026 11:51
2bf4d6f3-e5c7-4ad7-8551-1700b916506b,furled.finance,available,11.99,84.99,medium,low,6,name.com,,,18/08/2026 18:44
6d788259-4849-4f6d-87bd-8659af24417e,uncanny.finance,available,11.99,84.99,high,low,7,name.com,,,16/08/2026 02:23
955ddeeb-bf60-4381-a87b-a4d6ce295b81,shirtless.finance,available,15.99,,medium,low,9,name.com,,,
28b1db56-40c3-4782-acfa-48a4f32b439c,homophonic.finance,available,11.99,84.99,medium,low,10,name.com,,,21/08/2026 13:06
f7c4bac0-7ba3-4b9d-8d7d-1e5e96994b04,barrack.finance,available,20.99,64.99,medium,low,7,namesilo,,,22/09/2026 07:48
1487035e-4dfe-4168-98be-a5df14d51b5b,bissau.finance,available,20.99,64.99,medium,low,6,namesilo,,,23/09/2026 22:06
17173d82-e72b-4618-999e-7da3cc5b57c1,riotous.finance,available,11.99,84.99,medium,low,7,name.com,,,13/08/2026 20:26
829d2c75-c148-41e7-aa34-4f2099d02dc1,quizzical.finance,available,17.48,82.98,medium,low,9,namecheap,,,09/09/2026 08:39
84d458c4-0f82-4690-ba03-7de51d7c0995,terracotta.finance,available,20.99,64.99,high,low,11,namesilo,,,17/09/2026 09:12
9f2d04d7-6b6f-4875-97a2-80e3b8d4314c,foolproof.finance,available,11.99,84.99,high,low,9,name.com,,,18/08/2026 10:37
1055769a-184e-4f40-94de-068e395dec8f,undreamt.finance,available,17.48,82.98,medium,low,8,namecheap,,,12/09/2026 08:24
7d34d716-23ee-4c41-b5e4-2347c1f45567,deserving.finance,available,11.99,84.99,high,low,9,name.com,,,14/08/2026 03:29
96433748-66f7-48c8-ba16-ea6cdc9fd3c3,nowhere.finance,available,15.73,51.95,high,low,7,spaceship,,,28/09/2026 16:28
b0433100-bc52-42b6-87b1-4789a1bf0814,unreleased.finance,available,17.48,82.98,medium,low,10,namecheap,,,12/09/2026 18:08
5a3d1e5f-b20d-46f7-a07f-4f4d2818f6cc,prudishly.finance,available,17.48,82.98,low,low,9,namecheap,,,15/09/2026 21:53
d9bc6fb9-7430-4486-af4e-5354cd13cee9,littoral.finance,available,11.99,84.99,medium,low,8,name.com,,,24/08/2026 07:35
dde0979f-526e-4c05-9328-42975d6c783b,randomly.finance,available,17.48,82.98,medium,low,8,namecheap,,,13/09/2026 20:35
112348cb-85e9-4aa0-99d6-ddb05acae4b8,farsighted.finance,available,11.99,84.99,high,low,10,name.com,,,17/08/2026 22:41
a75fb0ce-1d93-425d-b757-897ba6f01eff,wet.finance,available,20.99,64.99,high,low,3,namesilo,,,22/09/2026 19:43
65d3cd9d-ae52-48b2-ac1c-6a1fc6fc2404,asclepius.finance,available,17.48,82.98,medium,low,9,namecheap,,,17/09/2026 13:21
4a73c660-7f5d-4d2e-9a55-6e7bc671b8af,digestive.finance,available,11.99,84.99,high,low,9,name.com,,,24/08/2026 15:24
d30e9aa4-af8d-4f09-84c6-54673a72832f,attar.finance,available,17.48,82.98,medium,low,5,namecheap,,,20/09/2026 19:21
42405e5f-a77b-4f60-b0d6-40d529c98c78,inimical.finance,available,11.99,84.99,medium,low,8,name.com,,,22/08/2026 05:20
93bef3e0-cd8b-4bec-ab1f-5423d31a00bb,dreaming.finance,available,20.99,64.99,high,low,8,namesilo,,,24/09/2026 23:58
8f8dcfcb-8fda-4778-b074-d8f267933482,maj.finance,available,20.99,64.99,high,low,3,namesilo,,,27/09/2026 02:37
ea1c65e2-892e-42bf-aaa2-4841d085eb19,flames.finance,available,50.2,50.2,medium,low,6,cloudflare,,,27/09/2026 23:38
61eb68e3-39fd-451a-a443-a0fc762aec4b,modernity.finance,available,20.99,64.99,high,low,9,namesilo,,,24/09/2026 17:40
63e2f2df-2d1a-408b-9f1b-cc841ddb84e4,jung.finance,available,20.99,64.99,high,low,4,namesilo,,,25/09/2026 03:59
64a2d151-1806-43ba-9c7e-5816abbfd41b,agnate.finance,available,11.99,84.99,medium,low,6,name.com,,,
a9754ded-4889-41fe-8d04-ec3c19e75428,backwash.finance,available,20.99,64.99,medium,low,8,namesilo,,,17/09/2026 15:44
c45f4669-efa5-4687-8565-25f446ec4c86,airplanes.finance,available,50.2,50.2,medium,low,9,cloudflare,,,28/09/2026 22:55
f551d731-1147-47bb-a032-561fb4c8c9e9,kindness.finance,available,15.99,,high,low,8,name.com,,,
29b5ad33-9860-4abe-9770-0fb97f129cf9,helicopters.finance,available,15.73,51.95,low,low,11,spaceship,,,28/09/2026 18:00
51d19310-e143-41bf-b03e-1cbf1f5bb1a1,knesset.finance,available,15.73,51.95,medium,low,7,spaceship,,,28/09/2026 19:39
ce4bfa4e-040b-429d-8664-783cac3243c9,nonchalant.finance,available,11.99,84.99,high,low,10,name.com,,,11/08/2026 20:36
2a2cc371-45a1-4a02-be65-29fbdcae90a0,amphibia.finance,available,20.99,64.99,high,low,8,namesilo,,,18/09/2026 23:11
c9c7f40c-5ba8-40a8-9f61-4c994151fa24,fungoid.finance,available,11.99,84.99,medium,low,7,name.com,,,18/08/2026 18:37
0e094d26-3608-443a-bd01-7607e7907c94,ennead.finance,available,11.99,84.99,medium,low,6,name.com,,,
820262af-3a7d-4980-a131-597cf95f0ddd,bast.finance,available,11.99,84.99,medium,low,4,name.com,,,22/09/2026 12:38
87fcca25-79eb-4166-b6ff-62b43b649150,sheraton.finance,available,,,high,high,8,,,,
5f8f9d21-5202-4f31-9b38-5ed376ee40ff,animalism.finance,available,20.99,64.99,medium,low,9,namesilo,,,19/09/2026 08:55
266d2f16-f90b-4266-86bd-a05c00dbb68f,adversary.finance,available,20.99,64.99,medium,low,9,namesilo,,,17/09/2026 10:44
8b259bb5-75bb-4267-a3a2-2ca27d060c86,indicate.finance,available,20.99,64.99,high,low,8,namesilo,,,27/09/2026 05:02
c7386f2c-5de9-46d4-9560-e22934cdfdf4,kooky.finance,available,11.99,84.99,medium,low,5,name.com,,,06/08/2026 21:04
b06a5cd3-78ca-4fa3-a967-8c10ec6adf13,edge.finance,resell,,,high,medium,4,Dynadot Inc,20/06/2025 17:00,20/06/2027 17:00,26/09/2026 05:45
a14955d1-0098-4e6a-9a72-f87891a69f07,fabrication.finance,available,20,82.98,high,low,11,unstoppable,,,28/09/2026 07:27
fd78da2c-a7ff-4264-9eb0-caa35d973145,godly.finance,available,11.99,84.99,high,low,5,name.com,,,14/08/2026 13:55
ba1ff7f5-b2fc-4b77-96b7-f27bb00a11ca,mightily.finance,available,11.99,84.99,medium,low,8,name.com,,,24/08/2026 22:45
bdb7bb38-2e75-429e-938f-2f2a0a6df80a,ingenuous.finance,available,11.99,84.99,medium,low,9,name.com,,,06/08/2026 23:41
23924e1f-d712-4c21-879d-2f17ecdf08ed,goldberg.finance,available,20.99,64.99,high,low,8,namesilo,,,25/09/2026 06:35
0b9e9a23-f467-47b5-83ef-bb30d9ab15d7,charger.finance,available,17.48,82.98,high,low,7,namecheap,,,22/09/2026 14:35
d9402eaa-ca05-4f72-9a55-b94feba62400,honored.finance,available,11.99,84.99,high,low,7,name.com,,,17/08/2026 13:25
ce560375-54d4-40ba-9b35-52a8a1d6b692,dour.finance,available,11.99,84.99,medium,low,4,name.com,,,14/08/2026 14:56
cf16dac8-1698-4ee0-a790-8a02a4852619,lose.finance,available,15.99,,medium,low,4,name.com,,,
dcbdf1d5-72ee-4d45-8097-653d1e59c9c8,smuggled.finance,available,17.48,82.98,medium,low,8,namecheap,,,22/09/2026 21:31
f9e7321d-1a5b-4468-badb-1fe19be4d330,present.finance,resell,,,high,low,7,"Sav.com, LLC - 23",07/08/2026 15:15,07/08/2027 15:15,28/09/2026 12:04
d86c444d-fb20-45ba-a0c0-4d3d0a208de5,bryan.finance,available,6.64,53.72,high,low,5,dynadot,,,29/09/2026 03:53
6255b197-95b8-452f-9147-a0c55a8b275c,anus.finance,available,20.99,64.99,medium,low,4,namesilo,,,19/09/2026 15:56
debc25d8-c6bf-4b09-bdfa-65c87f0f6415,rejoin.finance,available,15.99,,high,low,6,name.com,,,
561af2c4-3deb-4383-b286-1688f94f697c,feelingly.finance,available,17.48,82.98,medium,low,9,namecheap,,,14/09/2026 18:18
9fa5e458-5358-4942-83fc-703329518cde,prelate.finance,available,20.99,64.99,medium,low,7,namesilo,,,20/09/2026 02:36
c569a8b5-0a5b-432d-8a55-f55ddebcd73d,quadruple.finance,available,11.99,84.99,high,low,9,name.com,,,18/08/2026 13:24
9addcbe3-8179-44c9-bb72-0fcff9c4bb72,lucullan.finance,available,11.99,84.99,medium,low,8,name.com,,,24/08/2026 11:00
a38e649d-c1e3-4da3-bb18-164fae31670b,fonts.finance,available,20.99,64.99,medium,low,5,namesilo,,,20/09/2026 22:56
a2d6a48c-8c7b-445c-87fb-ccf44fe246b3,activator.finance,available,17.48,82.98,high,low,9,namecheap,,,17/09/2026 05:10
fec95672-7816-408c-8809-271afa04e357,admit.finance,available,20.99,64.99,high,low,5,namesilo,,,26/09/2026 00:34
e098f030-579f-4dbe-89dd-018fb99d86a4,fluids.finance,available,15.73,51.95,medium,low,6,spaceship,,,28/09/2026 17:17
b1329c02-6efc-4852-9808-fa714fb66d2e,bitterness.finance,available,20.99,64.99,medium,low,10,namesilo,,,17/09/2026 03:08
41123e92-c517-416c-a400-7c61fa62834c,worldly.finance,available,11.99,84.99,high,low,7,name.com,,,10/08/2026 13:20
152e5b79-7d29-4d7b-9e7b-682666c02a9d,grabbed.finance,available,20.99,64.99,medium,low,7,namesilo,,,27/09/2026 03:19
85e0f878-d333-4493-a2fe-8c5ca90f795b,angelo.finance,available,20.99,64.99,high,low,6,namesilo,,,25/09/2026 16:57
600c39b1-511c-46ae-9e34-201b741f5351,ameboid.finance,available,11.99,84.99,medium,low,7,name.com,,,
c6631c4e-0e8b-4433-a0c5-e1da2f0c5180,swimmingly.finance,available,17.48,82.98,medium,low,10,namecheap,,,16/09/2026 02:58
961d94c8-8c7b-4ee7-b96a-b05fdea2aa2b,anapest.finance,available,20.99,64.99,medium,low,7,namesilo,,,19/09/2026 02:04
72295df5-a0d4-4c7e-90db-e3603389ae0a,cows.finance,resell,,,high,low,4,Dynadot Inc,17/07/2026 17:00,17/07/2027 17:00,29/09/2026 03:44
6c203629-653f-41af-8c6c-7c9b252c8946,shitlist.finance,available,20.99,64.99,medium,low,8,namesilo,,,24/09/2026 00:19
8df36468-e056-432c-a3c8-6e55debed96c,univocal.finance,available,17.48,82.98,medium,low,8,namecheap,,,12/09/2026 09:15
b0cee35e-cb04-4c1f-b7de-881bb13a5b09,isles.finance,available,20.99,64.99,medium,low,5,namesilo,,,20/09/2026 01:00
85afca1c-3ab1-4323-97d8-85812e2d6cf8,antlered.finance,available,11.99,84.99,medium,low,8,name.com,,,05/08/2026 20:11
026ebe69-7241-4572-a8bd-0a3a39d6f48d,educative.finance,available,11.99,84.99,high,low,9,name.com,,,15/08/2026 11:09
70252d52-d118-4971-b982-b769218c15b6,viewing.finance,available,15.73,51.95,high,low,7,spaceship,,,29/09/2026 02:05
b63276a0-74d0-4081-bc68-d6aed1d723c8,investigators.finance,available,20.99,64.99,medium,low,13,namesilo,,,29/09/2026 00:00
8a9b6288-d72f-4b98-b3a7-0b81103415df,remembered.finance,available,20.99,64.99,high,low,10,namesilo,,,17/09/2026 12:04
358dc613-ee83-4848-b514-b23cea6435fc,dabbler.finance,available,11.99,84.99,medium,low,7,name.com,,,14/08/2026 07:42
84220ad2-6c94-4893-9e62-1b8dba5ff0b4,humpback.finance,available,11.99,84.99,medium,low,8,name.com,,,13/08/2026 07:47
f4ec2c9a-28f0-4d83-9405-cb0691efdc3d,marooned.finance,available,20.99,64.99,medium,low,8,namesilo,,,25/09/2026 16:58
f6c9721c-acd7-4c93-8071-c070060af466,lesson.finance,available,17.48,82.98,high,low,6,namecheap,,,25/09/2026 21:42
ed9f84a7-a61f-49ae-a46a-91bac5915bb7,cuteness.finance,available,20.99,64.99,high,low,8,namesilo,,,24/09/2026 20:43
66af220d-8955-412d-9359-35b068a5ec26,bulb.finance,available,15.73,51.95,high,low,4,spaceship,,,29/09/2026 05:14
80904862-6138-4a30-b5cb-0d7c7236aa23,spotted.finance,available,17.48,82.98,high,low,7,namecheap,,,10/09/2026 16:39
2155f066-353f-4f80-9eec-d19abd482bbd,bloodline.finance,available,17.48,82.98,high,low,9,namecheap,,,08/09/2026 13:11
171b1c3b-7d11-4c54-bf0e-a95c972e0064,summon.finance,available,20.99,64.99,high,low,6,namesilo,,,29/09/2026 01:42
e73b33ed-7ffd-44a9-b578-58dcc2ae5bd4,probiotic.finance,available,20.99,64.99,high,low,9,namesilo,,,28/09/2026 02:50
a343bf1a-0ec8-428e-b8ef-f98f5c76c0b0,benthos.finance,available,20.99,64.99,medium,low,7,namesilo,,,23/09/2026 08:45
61b260dc-b784-44c9-95c2-413a80666777,tameable.finance,available,17.48,82.98,medium,low,8,namecheap,,,11/09/2026 07:38
5c700ab6-a456-47b3-bed0-1519e13ce1fe,mechanical.finance,available,20.99,64.99,high,low,10,namesilo,,,25/09/2026 18:43
317ccaa7-d871-4404-a23f-f3450489ada1,sweating.finance,available,50.2,50.2,medium,low,8,cloudflare,,,28/09/2026 13:54
1275146d-e073-4d52-b597-0b41bc5781c9,important.finance,available,20.99,64.99,high,low,9,namesilo,,,22/09/2026 13:54
7291ea87-6d32-4bdb-a0e3-d6db699e1e01,squinty.finance,available,11.99,84.99,medium,low,7,name.com,,,07/08/2026 03:20
dc76c42b-02d0-404b-a883-224dc7604ec1,manful.finance,available,11.99,84.99,medium,low,6,name.com,,,24/08/2026 14:46
00804b15-f366-4dc0-83d3-10cba4711624,larboard.finance,available,11.99,84.99,medium,low,8,name.com,,,22/08/2026 19:51
1a73d7a0-920c-405b-807e-7f257c05e7d3,elaborate.finance,available,20.99,64.99,high,low,9,namesilo,,,24/09/2026 07:12
f4590eb7-23d1-42dd-9c6e-622b20798f40,flukey.finance,available,11.99,84.99,medium,low,6,name.com,,,18/08/2026 09:20
3562b332-9668-49de-bce0-c301ad1d6a19,alarmist.finance,available,11.99,84.99,medium,low,8,name.com,,,18/09/2026 01:59
22c77c19-4f1c-4e09-a120-7998854ddd22,agnathan.finance,available,17.48,82.98,medium,low,8,namecheap,,,17/09/2026 18:33
a519af94-699e-4056-a61e-3cb97ccda671,deane.finance,available,20.99,64.99,medium,low,5,namesilo,,,28/09/2026 12:11
53a22a32-9d78-4907-aaad-a94b5d00801c,fayette.finance,available,20.99,64.99,medium,low,7,namesilo,,,27/09/2026 20:20
c4c4f158-12bf-46ef-8c7b-4b206d1fa9c5,secrecy.finance,available,20.99,64.99,high,low,7,namesilo,,,24/09/2026 17:03
ba692dfb-e1ea-4eca-a775-d59b3477f254,gilding.finance,available,11.99,84.99,high,low,7,name.com,,,18/08/2026 23:37
4a313b89-5e5a-4742-b479-2c66e58e0686,fuscous.finance,available,11.99,84.99,medium,low,7,name.com,,,18/08/2026 19:02
956c34c8-d1f0-41eb-83aa-bb9439f25973,formalized.finance,available,11.99,84.99,medium,low,10,name.com,,,18/08/2026 12:03
aa9ae094-fd5d-44f2-a3ce-77c7574cb0c1,nihility.finance,available,17.48,82.98,medium,low,8,namecheap,,,13/09/2026 06:35
70283597-e909-4971-8a3d-0675948a7223,hexangular.finance,available,11.99,84.99,medium,low,10,name.com,,,21/08/2026 07:48
13df5142-ab82-4ada-b39b-d128faeee818,bentonite.finance,available,20.99,64.99,high,low,9,namesilo,,,23/09/2026 08:46
c8d1523b-739b-431c-ac28-52c807e93104,wrestle.finance,available,6.64,53.72,high,low,7,dynadot,,,29/09/2026 01:07
5d6e3268-f093-4cb9-b4e9-91ec1b7fbcb7,stingless.finance,available,17.48,82.98,medium,low,9,namecheap,,,10/09/2026 20:48
b0cb5181-1196-4266-8966-472a9becbfc0,mortal.finance,available,11.99,84.99,high,low,6,name.com,,,13/08/2026 19:33
a7405898-cd0a-41be-824e-9ca29f89aea3,gallantly.finance,available,17.48,82.98,medium,low,9,namecheap,,,14/09/2026 06:45
cf174d44-9cd6-4d8b-922e-aada2540bd9d,astuteness.finance,available,17.48,82.98,medium,low,10,namecheap,,,20/09/2026 18:21
ac9b0690-5d67-4197-a48e-a10c4b615049,saves.finance,available,20,,high,low,5,unstoppable,,,28/09/2026 09:04
6655ac84-ebdf-4240-879a-b5f5cb177915,ugly.finance,available,20.99,64.99,high,low,4,namesilo,,,24/09/2026 06:45
5490535e-a8e6-41a0-8bf7-117ead13d728,danish.finance,available,11.99,84.99,high,low,6,name.com,,,13/08/2026 17:19
62091ff9-4aed-425b-acde-b76e82356a84,bilinear.finance,available,11.99,84.99,high,low,8,name.com,,,09/08/2026 21:20
76a5405a-339e-466c-aad7-0f0d9d183a37,trillionaire.finance,available,15.99,,high,low,12,name.com,,,
0ccc145e-8b6b-45b2-8a14-431cb2fa7907,gide.finance,available,20.99,64.99,high,low,4,namesilo,,,19/09/2026 04:13
c46157b1-a2d1-4a51-9116-a58e19872282,turf.finance,resell,,,high,low,4,,,,28/09/2026 05:54
cc67f26b-e83e-4099-ae16-74787315c346,gnomic.finance,available,11.99,84.99,medium,low,6,name.com,,,20/08/2026 15:44
8f472838-c4d9-487c-b191-3ada2f351165,metameric.finance,available,11.99,84.99,medium,low,9,name.com,,,24/08/2026 21:39
2226ebbf-b454-4b04-89be-27e95a7c608c,wavelike.finance,available,11.99,84.99,medium,low,8,name.com,,,13/08/2026 06:56
7fa32849-23f9-473c-b3bc-85078dea07e1,kicked.finance,available,17.48,82.98,medium,low,6,namecheap,,,25/09/2026 19:40
aa4d4b46-8abc-4ae0-b615-b3ac210c810f,bezzant.finance,available,20.99,64.99,medium,low,7,namesilo,,,23/09/2026 12:17
5920c730-39b1-4b22-95e9-11c4a6469289,baldrick.finance,available,17.48,82.98,medium,low,8,namecheap,,,21/09/2026 21:46
10a34b8c-c67a-4bfd-b988-a635126699a7,boyce.finance,available,20.99,64.99,medium,low,5,namesilo,,,28/09/2026 11:42
00b332ab-9a87-4f26-b09f-f16bc38c17e4,ginger.finance,resell,,,high,low,6,Dynadot Inc,26/11/2025 17:00,26/11/2026 17:00,26/09/2026 06:23
996cc57b-2b34-4d52-8fa1-f3b34e4fc86a,outmost.finance,available,17.48,82.98,medium,low,7,namecheap,,,04/09/2026 19:19
65038458-92c9-4b40-8652-22d30a8dbebc,zealously.finance,available,20.99,64.99,medium,low,9,namesilo,,,16/09/2026 11:50
8bebcea0-e437-4e36-a6d1-0769c781a185,ail.finance,available,17.48,82.98,medium,low,3,namecheap,,,17/09/2026 21:05
4d7c585a-cac1-41df-9a10-125b9aa95648,devours.finance,available,20.99,64.99,low,low,7,namesilo,,,21/09/2026 08:47
899d13fe-a814-4c99-b7c5-c43630677cf0,assembler.finance,available,20.99,64.99,high,low,9,namesilo,,,20/09/2026 16:01
25e26716-5c16-4808-8384-b722584a1922,nutty.finance,available,11.99,84.99,medium,low,5,name.com,,,06/08/2026 21:27
8f1b3809-ff84-4156-87f4-dfbb33df92e0,overhanded.finance,available,17.48,82.98,medium,low,10,namecheap,,,04/09/2026 20:12
abadf8e2-c861-4bb0-ad85-f21cd4dbcf50,hackneyed.finance,available,11.99,84.99,medium,low,9,name.com,,,08/08/2026 10:56
93f0616a-6712-496b-9d51-8634fef765bc,upstairs.finance,available,20.99,64.99,high,low,8,namesilo,,,28/09/2026 09:59
8da997f5-3ba2-49e7-b692-03e00aa585ea,doyle.finance,available,20.99,64.99,high,low,5,namesilo,,,25/09/2026 12:42
a7dadd6b-e7be-45e0-8844-3b8e6aea6261,bonnet.finance,available,20.99,64.99,high,low,6,namesilo,,,24/09/2026 06:40
a62bbcbf-74e8-4d30-abfc-07d03fdf4a17,appalled.finance,available,11.99,84.99,medium,low,8,name.com,,,
320ba437-844f-4003-add3-40ef89bb5ac6,pergola.finance,available,20.99,64.99,medium,low,7,namesilo,,,20/09/2026 01:00
8195adb1-ebbf-452e-9f5a-b22de7f97295,marta.finance,available,15.73,51.95,high,low,5,spaceship,,,27/09/2026 17:44
649efeb1-c3ed-4fa0-bd05-bf33cf162da4,bomber.finance,available,20,,medium,low,6,unstoppable,,,28/09/2026 09:10
8bd5ba3c-cd66-466f-8ae9-584936de0c3e,darkness.finance,available,20.99,64.99,high,low,8,namesilo,,,25/09/2026 09:15
08d66c99-e0b2-47fc-b033-019e3b3f04c2,filmy.finance,available,11.99,84.99,high,low,5,name.com,,,12/08/2026 14:28
bd5c5933-1603-4ea3-a1b6-604d91d3a3a6,carnal.finance,available,11.99,84.99,high,low,6,name.com,,,
6a9e6efe-c7a1-47d8-a311-3c7eb37ae88e,woman.finance,available,20,,high,low,5,unstoppable,,,28/09/2026 18:54
d199f43d-685b-4b89-9c52-5a58ab07d1f0,atavism.finance,available,17.48,82.98,medium,low,7,namecheap,,,20/09/2026 19:45
87a9b15f-2bb2-4c71-b50f-97f07b9dbda1,traitor.finance,available,20.99,64.99,high,low,7,namesilo,,,27/09/2026 13:08
251e131f-85ed-4958-b9fc-9b774ef2678e,nebulously.finance,available,17.48,82.98,low,low,10,namecheap,,,15/09/2026 16:18
52e16cc1-97cb-4ff0-a868-f41a9a948f04,sioux.finance,available,17.48,82.98,high,low,5,namecheap,,,10/09/2026 08:46
fd65c79a-5b07-49c1-b1a9-1d46433418e4,unclutter.finance,available,11.99,84.99,high,low,9,name.com,,,12/08/2026 10:28
ecfeb861-ddb7-470f-9946-a2b7a65b121b,appetising.finance,available,11.99,84.99,medium,low,10,name.com,,,06/08/2026 06:50
f5672f42-e254-495a-aae0-1d290bb7f6f7,otherwise.finance,available,20.99,64.99,high,low,9,namesilo,,,26/09/2026 00:41
b4348cd1-e73d-4a41-afea-058dc7674dd5,mornings.finance,available,20.99,64.99,high,low,8,namesilo,,,20/09/2026 04:12
0d93d80c-7daa-4fd9-950c-5a3370eee63b,sugared.finance,available,17.48,82.98,medium,low,7,namecheap,,,11/09/2026 01:16
20348873-e12c-4e7a-a3e3-a02127d6b018,feels.finance,available,15.99,,high,low,5,name.com,,,
e2d4e02c-bd76-41da-ba31-46750af39e03,birdsong.finance,available,17.48,82.98,high,low,8,namecheap,,,23/09/2026 20:37
385e37b6-2d27-4956-8676-b66fa39dca18,astutely.finance,available,11.99,84.99,medium,low,8,name.com,,,13/09/2026 22:20
91d340af-5fd7-4f25-8fb8-f80c6725c76f,mettlesome.finance,available,11.99,84.99,medium,low,10,name.com,,,24/08/2026 22:10
0502b6de-fbea-420d-ba1a-8a07a66dadaf,prof.finance,resell,,,high,low,4,,,,28/09/2026 20:15
24c16f26-99e2-4c7f-ade1-5473ac75bef0,intersection.finance,resell,15.99,,high,low,12,Porkbun LLC,21/03/2026 12:38,21/03/2027 12:38,26/09/2026 06:55
3fc6a155-eac3-4c69-9c76-b1863482ddc8,myopic.finance,available,11.99,84.99,medium,low,6,name.com,,,03/09/2026 12:14
3e4d0912-ad2c-4cd9-80ce-c723286c1d13,blockade.finance,available,6.69,52.01,medium,low,8,porkbun,,,29/09/2026 01:13
f71817a9-43d1-4864-9061-1be5d133563b,rap.finance,available,17.48,82.98,high,low,3,namecheap,,,08/09/2026 10:15
a04bb6be-6474-4f62-963e-bef0efe60157,partially.finance,available,17.48,82.98,medium,low,9,namecheap,,,15/09/2026 18:59
6d8fb8cc-7f76-42b1-a0f0-8904e4bc096b,sideline.finance,available,17.48,82.98,high,low,8,namecheap,,,21/09/2026 09:42
56f4cbba-0527-442f-bd6d-8540fedbe0c9,gismo.finance,available,20.99,64.99,medium,low,5,namesilo,,,19/09/2026 21:49
6a1168ed-bb4b-4580-bf51-98158ed94129,cruiser.finance,available,50.2,50.2,medium,low,7,cloudflare,,,28/09/2026 18:32
c95d3dba-c2c1-42c3-9562-bdc3bbaa4365,parliamentary.finance,available,15.99,,medium,low,13,name.com,,,
e9ae9d2f-02bd-4c81-b240-7fdc54a74d60,canned.finance,available,11.99,84.99,high,low,6,name.com,,,11/08/2026 17:10
dcc057da-6b05-4899-a732-197e8f050c31,devolve.finance,available,11.99,84.99,high,low,7,name.com,,,13/08/2026 23:59
0712300d-19c7-40a7-a731-cf2a4e8ee720,kev.finance,available,20.99,64.99,high,low,3,namesilo,,,29/09/2026 03:20
8fce34b8-e343-43bc-bf61-124aa54e3a11,ahorseback.finance,available,11.99,84.99,medium,low,10,name.com,,,
5c3f5e67-a991-42c1-8878-38308f5897a3,fairs.finance,available,15.99,,high,low,5,name.com,,,
2258f70a-ed45-4ab1-96ec-39be8ab81253,bifurcated.finance,available,11.99,84.99,medium,low,10,name.com,,,09/08/2026 20:24
aac2ab96-8d9f-4cc9-913f-d0489ad52ed8,indecent.finance,available,20.99,64.99,medium,low,8,namesilo,,,25/09/2026 09:06
4e8e791e-12bc-4041-88cf-1cb98b0871ab,shirt.finance,available,15.99,,high,low,5,name.com,,,
72dd01cd-06a2-423a-9a2d-1ba27b8138a8,creamy.finance,available,11.99,84.99,high,low,6,name.com,,,13/08/2026 05:45
75f2c0c5-01e4-4b5b-bbd8-4ea76e57c60c,somewhat.finance,available,17.48,82.98,high,low,8,namecheap,,,25/09/2026 12:06
615e83f8-f2e6-4639-8121-fbc7ae90f482,charging.finance,available,20.99,64.99,high,low,8,namesilo,,,28/09/2026 04:40
f46a7c92-c3e8-4755-851a-7e7a9fdc8f82,rightness.finance,available,17.48,82.98,medium,low,9,namecheap,,,19/09/2026 22:23
f7edc6de-9ac4-46a9-870a-dadd040e745c,uppermost.finance,available,17.48,82.98,medium,low,9,namecheap,,,11/09/2026 17:48
23a00271-0bc5-4af4-91fa-60e940bd8024,styptic.finance,available,11.99,84.99,medium,low,7,name.com,,,07/08/2026 10:00
ad8013f1-a7b6-4e5d-a8c1-8e0f4ff8b815,dogsit.finance,available,15.99,,high,low,6,name.com,,,
d963511e-9878-4ac5-badc-087705b111e6,loyola.finance,available,17.48,82.98,medium,low,6,namecheap,,,25/09/2026 07:44
d281fb15-e26f-4539-926f-04e4bccbebf8,alternatively.finance,available,17.48,82.98,medium,low,13,namecheap,,,16/09/2026 12:44
d4ade9b7-9b9f-4944-9aee-e0280b0ada31,crawler.finance,available,20.99,64.99,high,low,7,namesilo,,,19/09/2026 06:39
1bc58b61-328b-40a2-8a97-6749ed495b8e,used.finance,premium,242,242,high,low,4,namesilo,,,25/09/2026 07:44
19a3fd29-3053-4400-b322-2fb51ca0c8d2,llb.finance,available,20.99,64.99,high,low,3,namesilo,,,21/09/2026 14:13
86746f4f-017b-480c-b065-0f16907f8027,courageous.finance,available,20.99,64.99,high,low,10,namesilo,,,23/09/2026 02:25
e46b845e-feec-4f9a-87db-92cb195f2b08,civilly.finance,available,17.48,82.98,medium,low,7,namecheap,,,14/09/2026 06:57
91cc1b29-e4d9-469e-9e35-391e12d3647e,doodlebug.finance,available,20.99,64.99,medium,low,9,namesilo,,,19/09/2026 12:18
69c81d0b-0a36-4401-ad80-31ad39db2f0e,oddball.finance,available,11.99,84.99,medium,low,7,name.com,,,14/08/2026 23:25
6499fda3-af9f-4d7b-93b4-161c130aa94a,rupicolous.finance,available,17.48,82.98,medium,low,10,namecheap,,,09/09/2026 19:41
e16d8099-08f3-45a0-9217-c91f1cf42749,crass.finance,available,11.99,84.99,medium,low,5,name.com,,,13/08/2026 05:23
0f17df7d-85a8-438a-9adf-00de77d47cb0,artless.finance,available,11.99,84.99,medium,low,7,name.com,,,06/08/2026 23:47
a7e9fc19-210a-4a0f-9182-a90e43e83214,beloved.finance,available,11.99,84.99,high,low,7,name.com,,,09/08/2026 13:47
5d29c159-a901-4dc2-bdcf-997d7cdf19ee,evidently.finance,available,17.48,82.98,high,low,9,namecheap,,,08/09/2026 20:21
cfd54338-67de-4cd4-9482-355d4b9aa6ae,tarawa.finance,available,17.48,82.98,medium,low,6,namecheap,,,21/09/2026 19:26
98bba883-4e09-4ac4-aec5-448fb11f1550,blackish.finance,available,11.99,84.99,medium,low,8,name.com,,,10/08/2026 12:03
731446b4-9859-4365-8132-eeede4fd8d53,mortuary.finance,available,11.99,84.99,medium,low,8,name.com,,,25/08/2026 06:40
0c7a72e9-59fc-46e2-b9ab-57c7ec5f5354,ottoman.finance,available,17.48,82.98,high,low,7,namecheap,,,04/09/2026 18:38
28012ea4-fdae-46b4-b491-c1497c6587a5,junket.finance,available,20.99,64.99,high,low,6,namesilo,,,22/09/2026 03:02
ece98969-7612-4d04-8ff5-22fbe5c33715,jules.finance,available,20.99,64.99,high,low,5,namesilo,,,25/09/2026 15:01
4c811028-0b81-4ff2-826c-e955fb0a8713,antitoxic.finance,available,11.99,84.99,medium,low,9,name.com,,,05/08/2026 19:55
0d316dc2-8222-45be-8dd2-97081a8dccd2,wooden.finance,available,6.69,52.01,high,low,6,porkbun,,,28/09/2026 10:45
b43aa92a-f12f-47a0-8301-a9f86b999409,jihadi.finance,available,11.99,84.99,medium,low,6,name.com,,,22/08/2026 13:21
a958b075-61ea-4781-8941-e8ff579fb194,parallel.finance,resell,,,high,low,8,"Global Domains International, Inc. DBA DomainCostClub.com",24/01/2026 15:15,24/01/2027 15:15,26/09/2026 08:01
12c88fb4-4dcc-49cc-8df9-13af72d3ab67,objection.finance,available,20.99,64.99,high,low,9,namesilo,,,25/09/2026 22:40
2152843e-cea7-4538-8173-ff062b32a426,tapping.finance,available,15.73,51.95,high,low,7,spaceship,,,28/09/2026 20:35
916c96bb-f144-48de-ae7c-a9dc9efeeae4,always.finance,available,15.73,51.95,high,medium,6,spaceship,,,28/09/2026 12:09
8ea49ea3-6e6a-4f56-b294-b1fba116ff31,balalaika.finance,available,17.48,82.98,medium,low,9,namecheap,,,21/09/2026 20:48
d4842878-5902-49c0-8e88-33b458441ed3,represent.finance,available,15.99,,high,low,9,name.com,,,
228014bc-5a47-4b5b-b2cf-442d1da36bc0,anouilh.finance,available,20.99,64.99,medium,low,7,namesilo,,,19/09/2026 11:52
7ffb1247-6ff3-4477-ab63-5a2d81ec303b,printing.finance,available,20,,high,low,8,unstoppable,,,28/09/2026 06:37
ca91a9ca-1a7c-4715-81a6-0354bfdc0cc5,santos.finance,available,50.2,50.2,medium,low,6,cloudflare,,,28/09/2026 15:17
03a642c4-c8d9-4346-9373-aeea14581b7c,skewed.finance,available,17.48,82.98,medium,low,6,namecheap,,,10/09/2026 09:28
8df103f1-dee6-42b5-990a-d901ca4e732d,winking.finance,available,11.99,84.99,high,low,7,name.com,,,10/08/2026 14:28
f21ed67b-f20b-4731-9517-4ebe442f6bbf,elementary.finance,available,11.99,84.99,high,low,10,name.com,,,16/08/2026 03:31
9c740279-f4d6-43be-b672-79f70514be41,arrowsmith.finance,available,17.48,82.98,medium,low,10,namecheap,,,20/09/2026 09:31
56132da0-7969-4ea6-8b05-df4c98b230eb,defend.finance,available,20.99,64.99,high,low,6,namesilo,,,23/09/2026 13:40
34f8fa54-f3ed-43b4-8543-c59d47f8db2f,conjoined.finance,available,11.99,84.99,medium,low,9,name.com,,,12/08/2026 22:03
ae0b9a1d-1035-4916-b2b9-65228a90ec78,langdon.finance,available,50.2,50.2,medium,low,7,cloudflare,,,28/09/2026 16:35
5b4ad24b-eda4-44b7-acb0-70eb0b622201,backside.finance,available,11.99,84.99,medium,low,8,name.com,,,09/08/2026 10:44
c957add7-9178-476b-bce1-4b29d835f17d,misfortune.finance,available,20.99,64.99,medium,low,10,namesilo,,,21/09/2026 16:43
f699cd61-92b8-442e-a23f-a5ddf418de16,consoling.finance,available,11.99,84.99,high,low,9,name.com,,,12/08/2026 22:42
6e873959-7b43-4446-9b52-f4ca3160d496,mannish.finance,available,11.99,84.99,medium,low,7,name.com,,,24/08/2026 15:22
ad0e5edb-362d-416f-b3aa-93945f664487,friction.finance,resell,,,high,low,8,,,,29/09/2026 01:01
a458fd5a-3130-4736-8ddf-ea6d1a9d400f,cash.finance,resell,,,high,medium,4,"GoDaddy.com, LLC",07/10/2015 20:46,07/10/2027 20:46,26/09/2026 04:47
89822c85-d32d-492a-b78f-751f00c344b1,zoom.finance,resell,,,high,medium,4,,,,28/09/2026 15:12
ad60c973-3258-4b59-a67b-219bdcf36ff4,grandmothers.finance,available,17.48,82.98,medium,low,12,namecheap,,,20/09/2026 18:06
37e89c3e-d887-4655-803e-cc13e4a7795f,nohow.finance,available,17.48,82.98,low,low,5,namecheap,,,15/09/2026 16:44
393944b3-f884-419c-8da5-c68fb92f7fa3,animals.finance,available,15.99,,high,low,7,name.com,,,
5592c14c-bc4d-4b56-8e6a-ec335be4fbb0,roxbury.finance,available,15.73,51.95,medium,low,7,spaceship,,,28/09/2026 12:20
cfa32ee4-0930-4eee-9591-9cfdd5c8728f,dystopian.finance,available,11.99,84.99,medium,low,9,name.com,,,14/08/2026 22:10
84009364-4e5a-454e-b63d-1e08f23cfef8,polly.finance,available,20.99,64.99,high,low,5,namesilo,,,28/09/2026 07:34
ac2a12f4-651d-43fe-9964-24bd36373df3,oviparous.finance,available,17.48,82.98,medium,low,9,namecheap,,,04/09/2026 22:09
35e7a482-4ab0-4eb2-83d9-5b654244e3ae,mechanics.finance,available,15.73,51.95,high,low,9,spaceship,,,28/09/2026 02:33
d6f934d6-ac39-4c9b-98d5-30ca4b99ad93,belonging.finance,available,20.99,64.99,high,low,9,namesilo,,,23/09/2026 06:53
4c3e47bd-ccb0-4b5e-a7d3-2302787ee89c,orthodox.finance,available,11.99,84.99,high,low,8,name.com,,,14/08/2026 22:55
67ec933e-5d31-4b11-89ab-eb0c0164be8a,starless.finance,available,17.48,82.98,medium,low,8,namecheap,,,10/09/2026 18:52
2624da07-00e5-483c-8417-822452d4767a,swishy.finance,available,17.48,82.98,medium,low,6,namecheap,,,11/09/2026 05:54
3e0b2aa0-e9c1-47f9-951c-9278079bdb4d,ephemeron.finance,available,11.99,84.99,medium,low,9,name.com,,,17/08/2026 10:22
21c4a577-7a70-41b4-bf8e-ccffbc749f69,afterward.finance,available,11.99,84.99,medium,low,9,name.com,,,
be4d61b6-6bea-47bb-9777-d4cb4e508213,ruhr.finance,available,20,,medium,low,4,unstoppable,,,29/09/2026 02:04
407ad94b-686a-446b-bdbb-3b01183251a3,avuncular.finance,available,11.99,84.99,medium,low,9,name.com,,,07/08/2026 23:51
6d74ca36-c06e-43f7-ba28-20ef01be969a,sanely.finance,available,17.48,82.98,medium,low,6,namecheap,,,16/09/2026 00:33
3076eee0-639e-45d9-b56b-1142fd85dd71,fingerless.finance,available,11.99,84.99,medium,low,10,name.com,,,18/08/2026 04:55
712cdc66-d673-41e2-a2b5-869d6d372dd6,destroyed.finance,available,20.99,64.99,medium,low,9,namesilo,,,24/09/2026 07:01
c6ca6fec-137a-4ca2-b622-e87cab9a4890,obscenely.finance,available,17.48,82.98,medium,low,9,namecheap,,,15/09/2026 11:14
86f522c5-fa93-4b91-91ec-6f431f894772,unworldly.finance,available,17.48,82.98,medium,low,9,namecheap,,,12/09/2026 20:18
4e4d2527-876c-4da7-ae20-0b63dd2da850,turkish.finance,premium,123.75,123.75,medium,low,7,name.com,,,11/09/2026 21:18
199217bd-e433-4956-823a-d1a07fc5defb,icelandic.finance,available,11.99,84.99,high,low,9,name.com,,,21/08/2026 17:45
e28f3b07-dccf-42b6-8b3e-05c4152e06a1,warfare.finance,available,15.99,,high,low,7,name.com,,,
4af665de-db84-4b34-800c-15e918647536,bossy.finance,available,11.99,84.99,medium,low,5,name.com,,,07/08/2026 19:35
de53a5c0-22ae-414f-ac62-b56344c46ab4,restaurants.finance,premium,242,242,medium,low,11,namesilo,,,29/09/2026 00:02
d4c23ee1-cc75-4b96-9847-468793936721,extraneous.finance,available,11.99,84.99,medium,low,10,name.com,,,17/08/2026 19:20
6ed2e2bb-e214-4b98-83cf-414271644956,adaptor.finance,available,20.99,64.99,high,low,7,namesilo,,,17/09/2026 06:32
53184398-229f-4d42-aba7-0387f63400f9,diseases.finance,available,17.48,82.98,low,low,8,namecheap,,,17/09/2026 16:41
227fe69c-6c71-493b-b710-da9c988f28db,bakunin.finance,available,17.48,82.98,medium,low,7,namecheap,,,21/09/2026 20:26
fa3750e4-ea5c-45e4-b0c6-d9b9912e2860,boggy.finance,available,11.99,84.99,medium,low,5,name.com,,,10/08/2026 17:01
9c184d12-b8b5-4dac-a147-1a49e1288134,mute.finance,available,11.99,84.99,high,low,4,name.com,,,13/08/2026 16:51
d17bad34-b7d0-4517-a745-a9f02ca190cc,anterior.finance,available,11.99,84.99,high,low,8,name.com,,,
d2c7abd7-0193-4208-ace1-4e591249ae4f,america.finance,resell,,,high,medium,7,Dynadot Inc,05/03/2024 17:11,05/03/2027 17:11,28/09/2026 20:53
0d01f562-1676-41e5-8d0b-f74fc16efe50,photographic.finance,available,15.73,51.95,high,low,12,spaceship,,,28/09/2026 21:08
5d83e2d5-3abe-436c-95e8-6c3d1d8b7ee6,documentation.finance,available,15.99,,high,low,13,name.com,,,
c1ef0a6a-7b46-41e9-af98-1fb175db65f0,gregg.finance,available,15.99,,high,low,5,name.com,,,
2e490c4e-504a-4119-b21c-f762285e590f,predicted.finance,available,50.2,50.2,medium,low,9,cloudflare,,,28/09/2026 23:02
e2d9cce6-3164-4d3b-9261-8847e3209efa,sporadic.finance,available,17.48,82.98,medium,low,8,namecheap,,,10/09/2026 16:29
ec87a968-25ce-4522-b6ca-2e0d43e708f5,evansville.finance,available,15.73,51.95,medium,low,10,spaceship,,,28/09/2026 01:52
4c34a6fb-5320-4735-a6ba-f022cbe0cd25,lyrically.finance,available,17.48,82.98,medium,low,9,namecheap,,,15/09/2026 13:16
4fef9aed-4ed3-49d0-9ea5-7379d78957b8,arresting.finance,available,11.99,84.99,high,low,9,name.com,,,06/08/2026 21:47
98386851-5217-48ff-9960-8493dfcc28b4,dynamic.finance,resell,,,high,low,7,"Global Domains International, Inc. DBA DomainCostClub.com",29/11/2024 15:15,29/11/2026 15:15,26/09/2026 05:43
6555692e-704d-4256-b5d8-775b6e90b652,buster.finance,available,20.99,64.99,medium,low,6,namesilo,,,29/09/2026 00:10
82fb90a4-86ff-4cd3-9cf5-a36007f52424,suspicious.finance,available,11.99,84.99,medium,low,10,name.com,,,22/08/2026 22:28
f07934f3-54b6-4305-bb1f-aa55e4f0709a,poetically.finance,available,17.48,82.98,medium,low,10,namecheap,,,15/09/2026 20:51
e8e9b11c-5569-487b-81c8-1d5441d9ce1c,heretofore.finance,available,17.48,82.98,medium,low,10,namecheap,,,13/09/2026 21:50
3fdf6b56-028c-4a7d-b8a9-73bb6bb245d3,yelled.finance,available,15.73,51.95,high,low,6,spaceship,,,27/09/2026 21:26
00e95c52-2aa4-468c-b43e-d1eedf91ec7f,desirous.finance,available,11.99,84.99,medium,low,8,name.com,,,14/08/2026 03:49
635e4c8f-c31e-4124-acc9-44fa7a49f5bd,metacarpal.finance,available,11.99,84.99,medium,low,10,name.com,,,24/08/2026 21:30
aa85fe59-13c2-45ed-84a7-759021605360,purchasing.finance,available,17.48,82.98,high,low,10,namecheap,,,24/09/2026 11:23
593dd468-0e9f-465f-bbca-70f4c7d3fbde,clergy.finance,available,15.99,,high,low,6,name.com,,,
3105b0de-f9b2-45fb-9141-546a06c25959,beanbag.finance,available,17.48,82.98,high,low,7,namecheap,,,22/09/2026 20:20
5215d03a-1524-4d71-b7c9-91bf91fb93c9,nauseating.finance,available,11.99,84.99,medium,low,10,name.com,,,24/08/2026 08:23
940d49dd-97e1-4e2d-b0c4-dd0d07927fa7,strangely.finance,available,17.48,82.98,medium,low,9,namecheap,,,14/09/2026 20:38
0cb94456-5516-4ae1-b2c3-d2fb5e19973d,tickets.finance,resell,,,high,low,7,Dynadot Inc,04/04/2026 17:02,04/04/2027 17:02,26/09/2026 09:37
e2f5939f-3f06-495a-90c1-be7d17e79135,labour.finance,available,17.48,82.98,medium,low,6,namecheap,,,29/09/2026 04:26
b73c3a5f-b52b-419a-8cff-8d5d817d2d05,recipes.finance,available,6.69,52.01,medium,low,7,porkbun,,,29/09/2026 06:03
b07c9b85-e387-4dce-a60c-a066d73b0583,denude.finance,available,11.99,84.99,medium,low,6,name.com,,,14/08/2026 02:02
049b097d-8d30-4d9a-a891-85c061ddc80d,bradford.finance,available,20.99,64.99,high,low,8,namesilo,,,25/09/2026 02:02
5ca4152c-ea66-4ee6-a366-a3ff9208520b,penalties.finance,available,15.99,,high,low,9,name.com,,,
9d325536-2206-4859-b24a-3323e3624b93,vary.finance,available,20.99,64.99,high,low,4,namesilo,,,25/09/2026 21:59
1fb0c4b4-b953-4a8b-9fb5-af7075d013f8,cannes.finance,available,20.99,64.99,high,low,6,namesilo,,,24/09/2026 12:04
2d875efe-3a18-4d86-8b66-1b193526b01d,bioscope.finance,available,17.48,82.98,medium,low,8,namecheap,,,23/09/2026 19:01
68ea870b-b912-4876-9eee-1d7c530211c9,casimir.finance,available,50.2,50.2,medium,low,7,cloudflare,,,29/09/2026 03:56
a94c7ae2-4127-45aa-b78b-123de55aa569,sutherland.finance,available,20.99,64.99,medium,low,10,namesilo,,,25/09/2026 04:37
c1e0cac9-5ecd-4d63-881f-058cb918e658,baht.finance,premium,118.8,118.8,high,low,4,namesilo,,,21/09/2026 18:46
08c9537c-a976-47d1-b88b-7758d2851b95,ayr.finance,available,17.48,82.98,high,low,3,namecheap,,,21/09/2026 10:41
432a79ac-d35d-4fc7-bbdb-b53ba1584246,unshakable.finance,available,20.99,64.99,high,low,10,namesilo,,,23/09/2026 10:41
9f380369-1b4d-4b5c-8162-10c9b9d6819f,nippy.finance,available,17.48,82.98,medium,low,5,namecheap,,,03/09/2026 17:42
b8fe0136-69ce-4dfb-a710-8cc9a8478b75,axonal.finance,available,11.99,84.99,medium,low,6,name.com,,,08/08/2026 02:01
6e8cc5d8-2050-40af-bbee-bcfce727bb19,diverging.finance,available,11.99,84.99,medium,low,9,name.com,,,14/08/2026 13:37
4b722218-ab0f-4c0b-b969-41774f9ab2dc,kicks.finance,available,17.48,82.98,high,low,5,namecheap,,,18/09/2026 05:38
6cec8e0d-d2db-4edc-8195-06d71ca60da7,curt.finance,available,11.99,84.99,medium,low,4,name.com,,,11/08/2026 07:05
84f38e89-6d68-4f9e-849d-c61b597d30d7,articled.finance,available,11.99,84.99,medium,low,8,name.com,,,06/08/2026 08:28
1428080c-5352-4546-a8d9-d1421f22ad9b,beading.finance,available,17.48,82.98,high,low,7,namecheap,,,22/09/2026 19:27
7495b8f5-a89b-44bb-8812-6778cb9bb410,rounder.finance,available,11.99,84.99,medium,low,7,name.com,,,23/08/2026 00:51
c63fd36f-1b27-4152-ba27-65ca55153fcc,rewarded.finance,available,20.99,64.99,medium,low,8,namesilo,,,28/09/2026 23:21
bc4b01a6-237d-466d-bf1e-8f9084ea04e1,scandalous.finance,available,11.99,84.99,medium,low,10,name.com,,,14/08/2026 10:26
f99225af-416f-4e00-b3fe-e2aa394325c2,julian.finance,available,11.99,84.99,high,low,6,name.com,,,22/08/2026 14:19
edc4de4f-d7ab-4a40-b38e-ab7b125523a5,acarpelous.finance,available,11.99,84.99,medium,low,10,name.com,,,
442bb742-c71e-4716-aae1-e0d7ec25384c,congested.finance,available,11.99,84.99,medium,low,9,name.com,,,12/08/2026 21:46
e5b13172-8682-4cab-b5b8-c6103aa60dbd,heaven.finance,resell,,,high,low,6,"Sav.com, LLC - 8",12/07/2026 15:16,12/07/2027 15:16,26/09/2026 06:37
aac18e12-d115-4112-a292-a1f3c4c47ba0,cantabile.finance,available,11.99,84.99,medium,low,9,name.com,,,11/08/2026 17:38
0bbf983a-8fc9-4334-81cd-60990d4efcd1,uncovering.finance,available,20.99,64.99,medium,low,10,namesilo,,,22/09/2026 06:00
1e94c02b-6566-4ea4-8948-1a41f8e94396,excursive.finance,available,11.99,84.99,medium,low,9,name.com,,,17/08/2026 16:39
b31be6ac-0532-422b-a99f-efc26cd0e517,shotgun.finance,available,20.99,64.99,high,low,7,namesilo,,,26/09/2026 00:14
ca9911be-bb63-4103-946e-d55eb7d22923,jonas.finance,available,20.99,64.99,high,low,5,namesilo,,,25/09/2026 15:07
57fc42ad-624e-4539-be68-5634596e908f,articular.finance,available,11.99,84.99,medium,low,9,name.com,,,06/08/2026 23:26
3a2911ab-0724-415c-8638-265da4d916ee,asynchrony.finance,available,17.48,82.98,medium,low,10,namecheap,,,20/09/2026 18:41
d4428a2d-5aa1-4bac-885e-9ac1726e2a1d,higgins.finance,available,20.99,64.99,high,low,7,namesilo,,,25/09/2026 13:27
cc07d090-ece7-49ce-8977-9516a07a34cb,brandenburg.finance,available,6.64,53.72,high,low,11,dynadot,,,27/09/2026 16:50
4527d6fb-6905-4aec-bc92-13fff0723b8c,rate.finance,resell,,,high,low,4,"GoDaddy.com, LLC",27/11/2024 13:47,27/11/2026 13:47,26/09/2026 08:30
395ae26e-df79-4c10-968d-9a50c981c54a,taciturn.finance,available,17.48,82.98,medium,low,8,namecheap,,,11/09/2026 06:58
4721781a-0681-4f80-acea-ea07ed40cbe7,gifts.finance,available,20.99,64.99,medium,low,5,namesilo,,,25/09/2026 17:25
fade2b71-7820-4d69-95d3-eb2d5f1acf6b,breathtaking.finance,available,15.99,,high,low,12,name.com,,,
70aa7884-75b1-461f-9783-19b2e2cbdebe,nattily.finance,available,17.48,82.98,medium,low,7,namecheap,,,15/09/2026 16:12
f9624f80-15ca-4ff7-9479-6ea8b0edb872,busted.finance,available,17.48,82.98,medium,low,6,namecheap,,,23/09/2026 12:06
4d2ab458-d0f0-4a30-9e70-f8e509782fc9,merging.finance,available,11.99,84.99,high,low,7,name.com,,,24/08/2026 20:43
77204077-a873-4eb3-8f51-e3f92530f8fb,totals.finance,available,20.99,64.99,medium,low,6,namesilo,,,20/09/2026 12:03
a87b0633-8b3c-4568-81be-37e93b9687a0,esthete.finance,available,20.99,64.99,medium,low,7,namesilo,,,17/09/2026 13:35
12906a39-55cf-42fa-84b7-cac160b8bb70,reportable.finance,available,17.48,82.98,medium,low,10,namecheap,,,09/09/2026 14:36
3660a831-3abd-4e80-8d2f-e534502b35cf,dustbin.finance,available,20.99,64.99,medium,low,7,namesilo,,,20/09/2026 13:42
0eb2a59c-ac63-44ac-92ac-26a1cc94c0c5,unanimous.finance,available,11.99,84.99,high,low,9,name.com,,,12/08/2026 22:33
4af6edb4-ed08-4233-b852-322bbeef923a,feathers.finance,available,20,,medium,low,8,unstoppable,,,28/09/2026 08:18
aadec66f-31e1-444d-a865-5f6edec01f58,supporter.finance,available,17.48,82.98,medium,low,9,namecheap,,,22/09/2026 10:07
6a86b87c-71d4-45b6-9c7e-c097aec122a2,cub.finance,available,17.48,82.98,high,low,3,namecheap,,,24/09/2026 20:02
1d9042c4-f78b-4341-bd66-7319b5b3bfa6,hirsute.finance,available,11.99,84.99,medium,low,7,name.com,,,20/08/2026 22:11
a82bab00-6bee-4798-bbec-fd8b1490ef74,whirr.finance,available,17.48,82.98,medium,low,5,namecheap,,,13/09/2026 11:31
e9474ad9-a1c7-4969-8733-0237d08e0259,moderne.finance,available,11.99,84.99,medium,low,7,name.com,,,25/08/2026 03:00
472937b1-1cf6-470a-a693-4239a0fc14fe,engel.finance,available,6.64,53.72,high,low,5,dynadot,,,28/09/2026 04:50
d865f3f3-f2c7-4443-8d42-89915fc18f08,missouri.finance,available,20.99,64.99,high,low,8,namesilo,,,28/09/2026 10:24
c5b0922e-e692-4e80-b63f-71b753de11a4,obscurely.finance,available,17.48,82.98,medium,low,9,namecheap,,,15/09/2026 17:13
5f16e7ac-371b-4280-9334-42255445a2fc,forepart.finance,available,11.99,84.99,medium,low,8,name.com,,,18/08/2026 16:13
ff40842e-7622-4b7a-b8de-9a4cc2a3d5fc,fused.finance,available,20.99,64.99,high,low,5,namesilo,,,22/09/2026 03:03
a73aaa02-06a5-4c1c-b788-719d4a895a22,tamarack.finance,available,17.48,82.98,medium,low,8,namecheap,,,18/09/2026 20:18
8050af8d-c8ad-467c-bb09-f7b10d30a518,soft.finance,resell,,,high,low,4,Dynadot Inc,25/11/2025 17:00,25/11/2026 17:00,26/09/2026 09:08
21be55df-c49a-4122-b3cb-a57ccdf83633,astrakhan.finance,available,20.99,64.99,medium,low,9,namesilo,,,20/09/2026 17:31
08f785b2-37ec-422d-8cab-9fcafaeb25a2,honestly.finance,available,11.99,84.99,high,low,8,name.com,,,
b06be14e-b1ca-4b79-96fd-6bad2c2add14,annoy.finance,available,15.99,,medium,low,5,name.com,,,
3045bb15-c29a-414f-aabf-f61b2fe4af6e,pronounced.finance,available,20.99,64.99,high,low,10,namesilo,,,25/09/2026 16:53
be8089d8-049b-43e2-a2c0-9c5ca154901c,encounter.finance,available,17.48,82.98,high,low,9,namecheap,,,25/09/2026 19:00
c1b6656a-919f-4fcf-a549-badebfe83b5a,imagined.finance,available,20.99,64.99,high,low,8,namesilo,,,27/09/2026 09:43
e985a7ac-3fb0-494d-a862-bb208324a9f9,backseat.finance,available,20.99,64.99,high,low,8,namesilo,,,21/09/2026 15:49
fd343bb0-70d2-4166-8cac-199f58d994e0,beautician.finance,available,17.48,82.98,high,low,10,namecheap,,,22/09/2026 22:22
adcea105-017c-45a8-aba7-20aedbc76398,acherontic.finance,available,11.99,84.99,medium,low,10,name.com,,,
64a117e6-d7fd-4411-a15e-7aeea5ac0cf7,connate.finance,available,11.99,84.99,medium,low,7,name.com,,,12/08/2026 15:46
75a0429c-6312-40ad-a7e5-783a7bfb94fd,ductile.finance,available,11.99,84.99,high,low,7,name.com,,,14/08/2026 20:50
18c94de6-7b10-4c0e-b18e-e87aa81fa281,sneezes.finance,available,20.99,64.99,medium,low,7,namesilo,,,20/09/2026 09:46
0fe96725-604f-4c39-84dc-208b0ef4c81a,settling.finance,available,50.2,50.2,medium,low,8,cloudflare,,,28/09/2026 20:24
a553a7f6-c526-4104-b94c-2a981eaf2b06,blade.finance,resell,,,high,low,5,Dynadot Inc,08/07/2024 17:00,08/07/2027 17:00,26/09/2026 04:28
66f701ea-d8c3-4ef0-927a-1a300b5c708d,vigilant.finance,available,17.48,82.98,high,low,8,namecheap,,,04/09/2026 16:01
cb7cc6af-0396-4966-b7cc-91b5f8d0245c,endocrinal.finance,available,11.99,84.99,medium,low,10,name.com,,,17/08/2026 01:02
b9891342-e145-4797-a788-d4cbb550accb,nascar.finance,available,17.48,82.98,high,low,6,namecheap,,,29/09/2026 03:51
aa9a94c0-b4af-45c4-915e-d4adf020ba61,richard.finance,available,20.99,64.99,high,low,7,namesilo,,,25/09/2026 17:40
072e58e5-ac64-4367-afea-f0d0da20f2f0,beatnik.finance,available,20.99,64.99,high,low,7,namesilo,,,22/09/2026 21:43
e33936ba-fc5d-4ec4-a178-eed72d574966,developed.finance,available,20.99,64.99,high,low,9,namesilo,,,24/09/2026 07:51
d2a2bab3-954a-4584-87d6-0c16a079f03e,bacca.finance,available,20.99,64.99,high,low,5,namesilo,,,21/09/2026 13:55
8ddd3428-bbe9-4f2a-a010-2e893ccbf5ae,tappan.finance,available,20.99,64.99,medium,low,6,namesilo,,,20/09/2026 11:08
63a630e6-3da2-4a26-8520-ae8664e7d74b,alluvion.finance,available,11.99,84.99,medium,low,8,name.com,,,18/09/2026 12:21
3dcc78d6-4150-487c-97e1-d32d7b201620,zealot.finance,available,17.48,82.98,medium,low,6,namecheap,,,08/09/2026 02:10
8a9dd15a-ea3d-43f2-bbfe-3a13a1e85ed0,aircraft.finance,resell,,,high,low,8,Dynadot Inc,12/06/2019 08:33,12/06/2027 08:33,26/09/2026 01:27
90da4286-de47-4618-bb20-04c4730bda91,espouse.finance,available,17.48,82.98,medium,low,7,namecheap,,,13/09/2026 09:39
dc2b9ea6-1f84-41f6-92d3-07609d440917,caitiff.finance,available,11.99,84.99,low,low,7,name.com,,,11/08/2026 13:26
eca8814f-8712-44ab-8f66-e37d07e3d795,maniacal.finance,available,11.99,84.99,medium,low,8,name.com,,,24/08/2026 14:55
e6025091-aac6-435b-9339-1b6719c462a9,flute.finance,available,20,,high,low,5,unstoppable,,,28/09/2026 13:41
44eae17d-4a8d-4235-b9af-910fda5a26f8,peoples.finance,resell,,,medium,low,7,,,,29/09/2026 01:49
544bd201-35f1-416f-a3d3-e32df5abeaf6,impaired.finance,available,11.99,84.99,medium,low,8,name.com,,,21/08/2026 21:40
e6acfd76-494f-4803-be3b-7850e6b455c8,outlander.finance,available,11.99,84.99,medium,low,9,name.com,,,
68d36904-8103-43f1-8778-953a39baa2bd,soignee.finance,available,17.48,82.98,medium,low,7,namecheap,,,10/09/2026 13:30
1635aa71-bd38-4185-93ce-1b01c498d85c,unethical.finance,available,17.48,82.98,medium,low,9,namecheap,,,12/09/2026 09:19
7b9aadd9-1f8a-4fbd-b4b9-190a72a424af,crack.finance,resell,,,high,low,5,Dynadot Inc,06/06/2026 17:00,06/06/2027 17:00,26/09/2026 05:18
9724f69a-6b8c-47ae-8a4a-144c5cb731a6,remains.finance,available,17.48,82.98,medium,low,7,namecheap,,,27/09/2026 03:27
a14ab534-d150-4832-af7a-60a9894bed88,sniff.finance,available,15.99,,high,low,5,name.com,,,
a53af184-6a71-4976-854e-16adedd1fa92,abaft.finance,available,11.99,84.99,low,low,5,name.com,,,
7b9e646a-0be1-4805-b314-e494062b0b80,aeriform.finance,available,11.99,84.99,medium,low,8,name.com,,,
91ad51cf-62a0-4049-9277-9bf284ed5bae,cpr.finance,premium,78.54,78.54,high,low,3,namesilo,,,24/09/2026 12:51
e2f6288a-a81d-4b39-83fc-823210139f2b,something.finance,available,20.99,64.99,high,low,9,namesilo,,,27/09/2026 06:36
35d58b1c-decf-476f-9a8d-673aba32186b,impose.finance,available,20.99,64.99,medium,low,6,namesilo,,,28/09/2026 10:13
e7e6f594-8526-419a-84c5-c305c2a9144f,beaujolais.finance,available,20.99,64.99,high,low,10,namesilo,,,22/09/2026 22:13
eaed3084-905d-4cf7-8539-f45a0aa80da5,billings.finance,available,20.99,64.99,high,low,8,namesilo,,,23/09/2026 16:32
98692ea0-54cd-463a-bba0-fff9263db0ee,watertown.finance,available,6.64,53.72,medium,low,9,dynadot,,,28/09/2026 06:52
c5116eab-3089-4ead-abbe-cf506becbc48,norwegian.finance,available,20.99,64.99,high,low,9,namesilo,,,25/09/2026 23:14
4787ca38-4cf9-4279-b3a8-9e2ff8dd216d,behind.finance,available,17.48,82.98,high,low,6,namecheap,,,22/09/2026 18:54
86de45be-b31b-40b1-bde9-1d968100a7c1,quieted.finance,available,20.99,64.99,medium,low,7,namesilo,,,20/09/2026 16:24
3ffe5b98-f23d-4532-a06c-ce64da5fead6,esthesis.finance,available,20.99,64.99,low,low,8,namesilo,,,17/09/2026 13:28
91c7cf38-8767-4110-a546-686bdb22a0eb,dread.finance,available,11.99,84.99,high,low,5,name.com,,,14/08/2026 18:38
33d13dee-ddce-4ad8-9a42-1907d77a1da9,bandy.finance,available,11.99,84.99,medium,low,5,name.com,,,08/08/2026 11:45
0ef1ed6b-b976-4a05-ae6d-6267e031cb5a,thankful.finance,available,20.99,64.99,high,low,8,namesilo,,,24/09/2026 22:54
830ead86-3a23-4365-84fb-5a262ee4d0e6,she.finance,resell,,,high,low,3,Atom.com Domains LLC,19/08/2025 21:43,19/08/2027 21:43,26/09/2026 08:58
17d545dd-0c1f-40fd-ae77-43b73cc89b46,sass.finance,available,20.99,64.99,high,low,4,namesilo,,,21/09/2026 14:47
d8b9647d-f21a-4bbb-b930-ed2fee1d6ffc,comfortable.finance,available,20.99,64.99,high,low,11,namesilo,,,26/09/2026 00:46
e4d6365c-2e0b-4dab-a0c4-4a611cc1e0ae,agrippa.finance,available,17.48,82.98,medium,low,7,namecheap,,,17/09/2026 19:32
29200d83-a212-481c-9c22-dcb19bf1e16a,texts.finance,available,17.48,82.98,medium,low,5,namecheap,,,18/09/2026 23:56
92e6a5d7-2c18-4747-9a23-01900a9ad745,souse.finance,available,11.99,84.99,medium,low,5,name.com,,,
acc14822-77d7-46b8-91fa-b3be744493c8,coventry.finance,premium,85.8,85.8,medium,low,8,namecheap,,,22/09/2026 02:09
13a7e162-3049-4478-979d-64977ace01ea,floaty.finance,available,11.99,84.99,high,low,6,name.com,,,11/08/2026 10:08
abe1454b-8ddb-4431-9f15-dc7b43e400f5,loyalist.finance,available,17.48,82.98,medium,low,8,namecheap,,,10/09/2026 18:31
dfffcef8-04eb-4b31-9854-6203c01e0b8b,singsong.finance,available,11.99,84.99,medium,low,8,name.com,,,12/08/2026 02:09
da1253bb-707e-4539-bb18-484fec2180d8,accra.finance,available,20.99,64.99,high,low,5,namesilo,,,16/09/2026 23:13
d3997f3f-1dd5-4d6b-a4fc-b30ef4bfd818,nhs.finance,available,20,,high,low,3,unstoppable,,,28/09/2026 07:40
bcf5c328-da5a-4e35-8abf-791489b6ba5f,perverted.finance,available,11.99,84.99,medium,low,9,name.com,,,14/08/2026 02:36
d89c686c-a87e-46fb-91d1-e9bca1b4fb9f,intern.finance,available,20.99,64.99,high,low,6,namesilo,,,28/09/2026 14:28
cfaac054-4e32-4b1a-87dc-546ccbf72f34,feldman.finance,available,6.64,53.72,medium,low,7,dynadot,,,27/09/2026 20:17
71a81590-9921-4070-9e00-bf696035c4ab,prosecution.finance,available,15.99,,high,low,11,name.com,,,
a26e9778-9e83-4149-b273-378ce85a8965,leads.finance,resell,,,high,low,5,"NameCheap, Inc.",28/09/2022 19:45,28/09/2027 19:45,26/09/2026 07:10
834c5927-9ebf-453a-9f5f-9b7999bbd2c4,anthurium.finance,available,20.99,64.99,medium,low,9,namesilo,,,19/09/2026 13:58
c69bb974-0b76-46e1-8605-0718ed66ac57,legal.finance,resell,,,high,medium,5,"Spaceship, Inc.",21/02/2021 23:02,21/02/2027 23:02,26/09/2026 07:11
12c0efa3-0cf9-4be3-9bf9-4372bb2ddb47,represents.finance,available,20,,medium,low,10,unstoppable,,,28/09/2026 05:02
d5380cea-eead-4898-bbd7-2eddddcc622d,congruent.finance,available,11.99,84.99,high,low,9,name.com,,,12/08/2026 21:57
2af67536-f973-4e1b-987b-045ddb6d7514,heavenward.finance,available,11.99,84.99,medium,low,10,name.com,,,21/08/2026 02:31
92f91072-e893-4c83-94d0-368471da369f,colton.finance,available,20,,medium,low,6,unstoppable,,,29/09/2026 00:04
71a80bbb-f9f9-43f4-be01-3dc911fe8ee9,rhythmical.finance,available,17.48,82.98,high,low,10,namecheap,,,09/09/2026 17:05
350202a3-3d82-44e8-bffe-87f05c93c940,dainty.finance,available,11.99,84.99,high,low,6,name.com,,,13/08/2026 15:40
bd63c3d9-212a-481d-8da0-39ee4acde71a,lonesome.finance,available,17.48,82.98,medium,low,8,namecheap,,,28/09/2026 21:14
43dc86b9-ffac-4bfb-ae84-9b2afcc2c1f2,garfish.finance,available,20.99,64.99,medium,low,7,namesilo,,,23/09/2026 16:11
79f1299d-7240-4a44-833b-62ce6217e0a7,quixotic.finance,available,17.48,82.98,medium,low,8,namecheap,,,09/09/2026 09:04
cd978a07-235f-4ef5-a485-8ac3564168da,cancel.finance,available,15.99,,high,low,6,name.com,,,
5947d55e-6ba7-495b-ae24-36ebe06f4529,aliraq.finance,available,20.99,64.99,medium,low,7,namesilo,,,18/09/2026 00:54
ec3e7041-eb72-436f-91e3-685675f66fbb,dvorak.finance,available,20.99,64.99,medium,low,6,namesilo,,,19/09/2026 15:32
253b2cd8-4d2c-4e69-9ce3-555046270c44,termination.finance,available,17.48,82.98,high,low,11,namecheap,,,04/09/2026 07:49
66da4d78-2a6d-4cd0-8978-731b3441a361,prank.finance,available,20.99,64.99,high,low,5,namesilo,,,22/09/2026 06:23
c3308a9b-f6c4-45e0-adb5-6a18b0958d35,pall.finance,available,11.99,84.99,medium,low,4,name.com,,,22/08/2026 11:56
422122ec-a2a1-4411-a543-f3e2ff6725cc,antalya.finance,available,17.48,82.98,high,low,7,namecheap,,,17/09/2026 06:10
83f17ad3-8863-4f00-a205-d1a3671a4c21,translating.finance,available,17.48,82.98,medium,low,11,namecheap,,,17/09/2026 20:51
2ddf987b-1058-4b13-b224-3151e2a0925a,betrothal.finance,available,20.99,64.99,medium,low,9,namesilo,,,23/09/2026 11:34
c1ea1788-cd25-4405-aceb-a8f778cae743,immediately.finance,available,20.99,64.99,high,low,11,namesilo,,,27/09/2026 06:22
8d6e2360-0a7d-4bf6-9692-fec63c197323,colloidal.finance,available,11.99,84.99,medium,low,9,name.com,,,12/08/2026 17:12
638fb621-e3d6-4275-bc29-0f41502480c5,memories.finance,available,20.99,64.99,medium,low,8,namesilo,,,25/09/2026 17:07
86f203b5-57df-4976-a257-1c8056816abc,whitehead.finance,available,20.99,64.99,high,low,9,namesilo,,,18/09/2026 06:40
47ce96bf-c14d-4d16-8500-a622adf9571f,appropriate.finance,available,20.99,64.99,high,low,11,namesilo,,,25/09/2026 11:22
08f3f7af-9580-4f4a-a20f-92e21c85d313,ducktape.finance,available,17.48,82.98,high,low,9,namecheap,,,27/09/2026 08:55
5d1ee9cd-fc14-431d-8e53-c9cefa1ff1fb,webster.finance,available,15.73,51.95,high,low,7,spaceship,,,28/09/2026 01:45
69fbcfba-f3b5-45ac-8b5b-69b9c2007848,advances.finance,available,17.48,82.98,medium,low,8,namecheap,,,28/09/2026 23:36
cdbc94dd-2270-4c6e-9e22-5b54ddf5a8cd,porcine.finance,available,11.99,84.99,medium,low,7,name.com,,,21/08/2026 10:21
29cb7868-edc3-4280-8f7c-9d33cf607ff5,gore.finance,available,15.73,51.95,medium,low,4,spaceship,,,28/09/2026 19:53
24844c7a-8b3e-41a5-b428-4c88346c0d9e,edmunds.finance,available,20.99,64.99,medium,low,7,namesilo,,,28/09/2026 16:36
e3be9e41-82b3-4754-9a5b-13e186f29d6f,absorbed.finance,available,20.99,64.99,high,low,8,namesilo,,,21/09/2026 14:58
f0d4f5d7-8e57-4377-8bca-27c816cf293b,attachments.finance,available,20.99,64.99,medium,low,11,namesilo,,,21/09/2026 01:43
e26e3fc9-dfbe-49e0-8511-1ce67968e265,swinburne.finance,available,20.99,64.99,medium,low,9,namesilo,,,18/09/2026 07:03
5165d0f7-7dec-4087-a27c-d5f31e8350d0,uppish.finance,available,11.99,84.99,low,low,6,name.com,,,09/08/2026 20:46
62b0562e-96ed-49ca-9f6c-ee20171a8bc4,adjuster.finance,available,20.99,64.99,high,low,8,namesilo,,,17/09/2026 08:32
d89c473b-4aae-4dd7-83a0-06cd23587701,mercuric.finance,available,11.99,84.99,medium,low,8,name.com,,,24/08/2026 20:40
ec6aa508-7c7a-402e-bc56-c027c6eedfe7,identified.finance,available,20.99,64.99,high,low,10,namesilo,,,25/09/2026 07:25
2e2dce6f-545a-4b09-ba48-9d7a56d7badb,system.finance,resell,,,high,medium,6,"Sav.com, LLC",01/04/2021 23:59,01/04/2027 23:59,28/09/2026 04:06
9ee37759-bb0c-4117-a786-fe25132b3b39,stunned.finance,available,20.99,64.99,high,low,7,namesilo,,,22/09/2026 03:44
5cc65dee-c83c-4e82-96f0-210f232c5bb4,specialist.finance,resell,,,high,low,10,,,,28/09/2026 02:23
74fffdd4-4a74-4b42-9e65-333c431a1d41,restfully.finance,available,17.48,82.98,medium,low,9,namecheap,,,15/09/2026 23:24
01b02d87-7752-4212-acf5-f05f34d51149,pithily.finance,available,17.48,82.98,medium,low,7,namecheap,,,15/09/2026 20:06
860348d6-95f8-414a-a4df-e8fa8b311bc4,honeybee.finance,available,20.99,64.99,high,low,8,namesilo,,,19/09/2026 17:30
14a1a758-554a-4573-9ec1-25a47720698f,streaked.finance,available,17.48,82.98,medium,low,8,namecheap,,,10/09/2026 22:16
dd444818-49b7-46e1-b46c-5ff8d989c817,sumbody.finance,available,15.99,,low,low,7,name.com,,,
5058a7cd-512e-4e80-b5bb-4f1a8650f147,juridical.finance,available,11.99,84.99,medium,low,9,name.com,,,22/08/2026 14:40
9e1a466c-3aed-4db2-9d4a-b6042f83b44f,adoptive.finance,available,11.99,84.99,high,low,8,name.com,,,
52a7fe1c-ca66-464c-9a4d-99ecce149804,lessons.finance,available,17.48,82.98,medium,low,7,namecheap,,,25/09/2026 19:53
26f45f98-209b-49b1-af17-5caa315bcebb,beeswax.finance,available,20.99,64.99,high,low,7,namesilo,,,23/09/2026 01:48
df09e1d1-4ec1-4812-a542-16c89c4029aa,seeded.finance,available,17.48,82.98,medium,low,6,namecheap,,,10/09/2026 01:43
99a5a533-4686-4e7c-a8fe-6c15f2abf8cc,grayson.finance,available,20.99,64.99,medium,low,7,namesilo,,,28/09/2026 00:47
14c6afb2-0206-4727-a04b-2b22c970a487,ardently.finance,available,11.99,84.99,medium,low,8,name.com,,,13/09/2026 20:41
a4944ae3-34ed-4e34-9abf-2efb5b55a9fe,maidenly.finance,available,11.99,84.99,medium,low,8,name.com,,,24/08/2026 13:14
e37e727e-61cc-4bab-bb4b-c734566d59f9,honorific.finance,available,11.99,84.99,medium,low,9,name.com,,,21/08/2026 13:32
509361a2-ad4b-43fd-b6af-0f31284dd7d1,avellan.finance,available,11.99,84.99,medium,low,7,name.com,,,07/08/2026 22:24
a6a07034-fce3-46b1-b058-a096272e0cc8,exogenic.finance,available,11.99,84.99,medium,low,8,name.com,,,17/08/2026 17:34
7d905c1c-a69b-4498-bdae-f1858858fd68,heyday.finance,available,11.99,84.99,high,low,6,name.com,,,18/08/2026 09:24
989909fc-aac1-4c6c-8026-bba36ba9e3ff,exclusively.finance,available,15.99,,medium,low,11,name.com,,,
ec4e41bf-e9c5-4ea3-911c-237ce695182f,achievement.finance,available,6.69,52.01,high,low,11,porkbun,,,28/09/2026 08:12
ad410de9-1ae2-49c4-8345-f5737d3a68a8,evanston.finance,available,50.2,50.2,medium,low,8,cloudflare,,,28/09/2026 08:11
5af45236-0a02-4376-ad0c-63fa81e70f01,undergraduate.finance,available,15.99,,medium,low,13,name.com,,,
01e3ab10-d5b3-40e0-b558-b11ea5137cdd,amelia.finance,available,17.48,82.98,high,low,6,namecheap,,,18/09/2026 18:15
0def0f35-687d-4e43-8a62-5ee495d670e7,copyright.finance,resell,,,high,low,9,"GoDaddy.com, LLC",25/12/2025 19:45,25/12/2026 19:45,26/09/2026 05:15
f613c5cf-fbe3-424c-b2b7-bccb7a07d484,strapless.finance,available,17.48,82.98,high,low,9,namecheap,,,10/09/2026 21:55
09f25d1d-38e1-4aad-9c6c-4e0da594b21d,acerose.finance,available,11.99,84.99,medium,low,7,name.com,,,
d7f50084-27d7-490e-8c5d-19e6a99f0064,imaginary.finance,available,11.99,84.99,high,low,9,name.com,,,21/08/2026 20:16
8109e89e-0cd0-4b8b-9ceb-67059a8030b7,ricardo.finance,available,20.99,64.99,high,low,7,namesilo,,,25/09/2026 04:47
cde953c8-58c1-4177-a7f2-3e1df043ec51,bradstreet.finance,available,20.99,64.99,medium,low,10,namesilo,,,19/09/2026 10:16
3ae1646e-657d-4bd4-950f-78e4e980491e,arctiid.finance,available,20.99,64.99,medium,low,7,namesilo,,,20/09/2026 02:47
3a66b62e-291a-49ef-93b5-f1ef2359bcd8,adversity.finance,available,20.99,64.99,high,low,9,namesilo,,,17/09/2026 10:54
c472d080-0d9f-47dc-9998-f213ef108180,diabolical.finance,available,11.99,84.99,medium,low,10,name.com,,,14/08/2026 01:30
ab72c4db-cd8d-45e6-9dfd-0d5b704756a0,unsilenced.finance,available,17.48,82.98,medium,low,10,namecheap,,,12/09/2026 19:56
147d885f-b0dd-448a-9637-b34274a6c099,core.finance,resell,,,high,medium,4,"Spaceship, Inc.",03/07/2021 20:34,03/07/2027 20:34,28/09/2026 15:06
60150b9a-e375-4d76-aa78-5ef1d4c4b3ef,tuttle.finance,available,20.99,64.99,medium,low,6,namesilo,,,28/09/2026 16:39
d7286bf5-d5c0-4316-87e3-8d8d0d5f6aaf,faddy.finance,available,11.99,84.99,medium,low,5,name.com,,,17/08/2026 20:35
30ef7f18-cb65-4278-9608-fe934f2e9c73,bilirubin.finance,available,20.99,64.99,medium,low,9,namesilo,,,23/09/2026 15:56
87951e1a-25e9-4fd6-b9d5-3cba7b9f98d9,inelegant.finance,available,11.99,84.99,medium,low,9,name.com,,,22/08/2026 03:44
58342b53-f473-4e60-8e80-89a283ab6618,northwards.finance,available,17.48,82.98,medium,low,10,namecheap,,,03/09/2026 21:25
82b57789-aaad-423c-bba7-4827b88e3dcd,anyone.finance,available,,,medium,low,6,,,,
a10b1f61-9f7f-4260-9009-c8e7e124f26e,joaquin.finance,available,20.99,64.99,medium,low,7,namesilo,,,25/09/2026 16:17
818ea6fa-7628-44c9-9469-3fa6326fb367,smack.finance,available,17.48,82.98,medium,low,5,namecheap,,,13/09/2026 23:28
fcd6951f-5710-44a0-b785-c4cbb9c47c97,camisole.finance,available,20.99,64.99,high,low,8,namesilo,,,24/09/2026 11:52
81da0db2-b7e0-4ee0-ba1c-d5654df3d929,flavourful.finance,available,11.99,84.99,medium,low,10,name.com,,,18/08/2026 07:06
0ba1a2bc-5cd3-4466-bae2-0558e9842d01,viciously.finance,available,11.99,84.99,medium,low,9,name.com,,,14/09/2026 01:35
1f0a6353-e7e2-44bf-bd00-aa35671fb0fa,berry.finance,resell,,,high,low,5,"Sav.com, LLC - 30",24/01/2026 15:15,24/01/2027 15:15,26/09/2026 04:22
fda5e43b-4a0d-42aa-8234-9819e5d28c35,avaritia.finance,available,20.99,64.99,medium,low,8,namesilo,,,21/09/2026 08:46
05d2ad8b-5fc6-493f-a1db-34655201c8d3,sympathy.finance,available,15.99,,high,low,8,name.com,,,
af157970-a942-463e-89bc-f056d25e8419,bouquet.finance,available,20.99,64.99,high,low,7,namesilo,,,24/09/2026 07:35
81d94147-220c-4371-92d8-60a4dd42fcda,severely.finance,available,20.99,64.99,medium,low,8,namesilo,,,28/09/2026 13:15
f16f5b01-581f-4d4e-9581-98ec3115143b,viennese.finance,available,17.48,82.98,high,low,8,namecheap,,,13/09/2026 05:30
e6d7273c-2b3e-46c5-a5e6-f50a7f48acd5,bandana.finance,available,20.99,64.99,high,low,7,namesilo,,,22/09/2026 00:59
19439698-ba1a-44a5-bb61-222f4bd24093,bahai.finance,available,11.99,84.99,high,low,5,name.com,,,08/08/2026 08:27
a72f3c40-9423-410b-bd00-cc5245267668,artemia.finance,available,20.99,64.99,medium,low,7,namesilo,,,20/09/2026 10:09
072b6342-16af-47ff-97c7-622b8a4bb64a,cardigan.finance,available,20.99,64.99,high,low,8,namesilo,,,24/09/2026 12:52
38fcfc27-fa05-49a5-b017-79a14dca003a,unending.finance,available,11.99,84.99,high,low,8,name.com,,,
799640e8-abb3-4299-99c1-4c87a2e54819,sloane.finance,available,15.73,51.95,high,low,6,spaceship,,,28/09/2026 16:12
b7154944-2770-4adc-aae1-62082bdc0d9a,baas.finance,available,20.99,64.99,high,low,4,namesilo,,,21/09/2026 12:09
fcd718b9-35f6-4b51-9cec-3b04a09fafd8,avocet.finance,available,20.99,64.99,medium,low,6,namesilo,,,21/09/2026 09:44
915386ca-dabc-4514-9a83-75dbc6564631,wrinkles.finance,available,20.99,64.99,medium,low,8,namesilo,,,16/09/2026 13:02
7bd67aa9-9d21-4398-888b-2998486f7e23,silken.finance,available,17.48,82.98,high,low,6,namecheap,,,09/09/2026 21:43
d9b5bebb-de38-4c39-8953-6a591a370bc5,brake.finance,available,17.48,82.98,medium,low,5,namecheap,,,24/09/2026 08:06
9b7359d9-ba29-45a1-8b0a-0bb5494cdc2e,authorizer.finance,available,20.99,64.99,medium,low,10,namesilo,,,21/09/2026 05:13
1a4ceefc-aebe-4add-830c-a7ea8b793aa2,induce.finance,available,15.99,,high,low,6,name.com,,,
6ca5ef11-1178-4010-b8f2-14958b8892da,eon.finance,resell,,,high,low,3,Dynadot Inc,01/12/2021 20:37,01/12/2026 20:37,26/09/2026 05:52
0c15a235-37b9-44ca-939f-244aa36d8095,wimbledon.finance,available,50.2,50.2,medium,low,9,cloudflare,,,28/09/2026 20:48
255ed3c7-f196-45c4-bf04-44421dfe960c,painfully.finance,available,17.48,82.98,medium,low,9,namecheap,,,14/09/2026 13:22
dcf5ad78-8a4a-44f9-93a3-8f2f2aeaae9b,spill.finance,available,15.73,51.95,high,low,5,spaceship,,,27/09/2026 15:56
55367d64-c26a-432e-ba36-25ff8b8531be,armrest.finance,available,20.99,64.99,medium,low,7,namesilo,,,20/09/2026 07:41
59a89fc1-6fd1-41c8-bb23-f56c12a2a205,swanky.finance,available,17.48,82.98,high,low,6,namecheap,,,11/09/2026 05:15
6df243f1-e813-4ac5-85ee-939a86e103e2,derain.finance,available,20.99,64.99,medium,low,6,namesilo,,,19/09/2026 04:09
6a49c044-59be-4eb2-89f5-bb7e03797429,shan.finance,available,15.73,51.95,high,low,4,spaceship,,,28/09/2026 15:19
8d65dd2f-96dc-497f-bc65-95668620bbc3,theory.finance,premium,128.7,128.7,high,low,6,namecheap,,,28/09/2026 12:34
60a097a7-60d2-4575-9f32-4b195b981ac7,hamburger.finance,available,50.2,50.2,high,low,9,cloudflare,,,29/09/2026 01:50
3927389f-42bb-474a-844c-fbf582aec722,creole.finance,available,11.99,84.99,high,low,6,name.com,,,13/08/2026 06:07
ccd6cdc2-5b4e-43d7-adca-830d55912840,salamanca.finance,available,17.48,82.98,medium,low,9,namecheap,,,28/09/2026 16:27
b9378063-350b-4121-bf2c-a98f051ea8ac,expound.finance,available,11.99,84.99,medium,low,7,name.com,,,16/08/2026 00:37
1c349431-d04f-4353-9727-0078b50bf6ad,cropped.finance,available,11.99,84.99,medium,low,7,name.com,,,13/08/2026 07:53
ea9f1304-4224-42e9-ad00-aadb1e5d9f95,branches.finance,available,20.99,64.99,medium,low,8,namesilo,,,28/09/2026 17:02
b4e30ea8-b1c6-4f2c-a8e8-0d1c2d62ff0d,ties.finance,available,20.99,64.99,high,low,4,namesilo,,,17/09/2026 21:46
271878ac-e1ed-49cb-a895-10209c8bf907,arrives.finance,available,20.99,64.99,medium,low,7,namesilo,,,20/09/2026 01:05
e8c1fa2b-5715-4377-af83-f5de55f7035f,ament.finance,available,17.48,82.98,medium,low,5,namecheap,,,18/09/2026 18:57
54a42f38-0a6a-4ad6-a022-f2b0cdedf76c,burdensome.finance,available,11.99,84.99,medium,low,10,name.com,,,11/08/2026 10:29
98a6cef2-a9ae-4c49-a57a-020dc233d4a3,sterilized.finance,available,17.48,82.98,medium,low,10,namecheap,,,10/09/2026 20:11
677b3e8f-95bb-4718-bc6a-bd628874fb12,rolls.finance,available,20.99,64.99,high,low,5,namesilo,,,27/09/2026 07:45
8bb5dfd9-7196-41c3-b831-5bd5d8f4f50e,bashfully.finance,available,17.48,82.98,medium,low,9,namecheap,,,13/09/2026 23:41
39084c31-ea04-4213-982c-2b7d334d0680,barbu.finance,available,20.99,64.99,medium,low,5,namesilo,,,22/09/2026 05:04
550d5b7a-6112-4593-8a5c-7fffdc149782,consecutive.finance,available,20.99,64.99,medium,low,11,namesilo,,,29/09/2026 04:45
8bbb318a-d4b0-4813-8d58-383f874db796,goods.finance,resell,,,high,low,5,Dynadot Inc,28/08/2026 17:00,28/08/2027 17:00,26/09/2026 06:26
2656ffe9-65fb-4d80-b4fe-7f341dec7432,astound.finance,available,15.99,,high,low,7,name.com,,,
5fa8f133-6f82-49a3-93ab-18f8769b5a1c,filmable.finance,available,11.99,84.99,medium,low,8,name.com,,,18/08/2026 04:23
814025e4-752e-4f9e-93b9-59f2c275d62d,around.finance,resell,,,high,low,6,Dynadot Inc,09/02/2026 17:00,09/02/2027 17:00,26/09/2026 04:02
d71a893d-c49d-4ad9-8eca-e193c17ac46b,coloured.finance,available,17.48,82.98,high,low,8,namecheap,,,22/09/2026 20:29
bbf8f92e-5f08-428e-ac7f-aaac2bd8afb3,arguments.finance,available,11.99,84.99,medium,low,9,name.com,,,16/09/2026 05:03
a9ffd3d0-10ea-4ffa-bff9-6c955bd6d669,aperea.finance,available,20.99,64.99,medium,low,6,namesilo,,,19/09/2026 16:31
46777163-dbda-4ec6-bf02-dbce9a2154c4,obdurate.finance,available,11.99,84.99,medium,low,8,name.com,,,13/08/2026 12:15
6d8f8cd4-3ea7-4af4-a724-8348d825999e,matilda.finance,available,15.73,51.95,high,low,7,spaceship,,,29/09/2026 03:20
b90ad240-14a1-4279-99bc-5df91e952311,atriplex.finance,available,20.99,64.99,medium,low,8,namesilo,,,21/09/2026 00:45
528582e7-989e-441f-9c8c-dd0c126af8ea,shouting.finance,available,11.99,84.99,medium,low,8,name.com,,,12/08/2026 03:49
cc3ef409-02fe-4b3c-aa61-06338b57a7d5,cartoons.finance,available,6.64,53.72,medium,low,8,dynadot,,,29/09/2026 00:08
77c75ddf-6104-429d-af18-81ccf2497766,bigotry.finance,available,20.99,64.99,medium,low,7,namesilo,,,23/09/2026 15:23
bd5bd1f1-11ad-4585-81cf-a85d1cac864f,quite.finance,available,50.2,50.2,high,low,5,cloudflare,,,28/09/2026 16:35
cfbc541d-12b4-4ead-b12a-f31b02409753,marang.finance,available,20.99,64.99,medium,low,6,namesilo,,,20/09/2026 12:01
07317789-d573-457e-a192-e87648235793,allspice.finance,available,20.99,64.99,high,low,8,namesilo,,,18/09/2026 12:10
82b7ebbb-db7d-4347-8819-9f18e6e72007,replacement.finance,available,15.99,,high,low,11,name.com,,,
4a6a5099-0c97-41ec-aa3a-23e3bd97ad73,requirement.finance,available,15.99,,high,low,11,name.com,,,
cfb9c034-01d0-48ea-b020-d47e710d2e42,chartless.finance,available,11.99,84.99,medium,low,9,name.com,,,12/08/2026 02:52
a1df3b22-180c-4bdb-b58c-6b7981bf05e2,capitalist.finance,resell,,,high,low,10,Dynadot Inc,16/01/2026 17:04,16/01/2027 17:04,26/09/2026 04:45
db18d19f-6e6e-4166-a655-4813a4f88aa8,bulgarian.finance,available,11.99,84.99,high,low,9,name.com,,,11/08/2026 08:23
f4d00594-97bd-47e7-a590-6f130cb0adf5,luminous.finance,available,11.99,84.99,high,low,8,name.com,,,
570f3c71-dd7b-4307-bfdb-3cc8d1131f9f,bighead.finance,available,17.48,82.98,medium,low,7,namecheap,,,23/09/2026 15:09
916388f6-16ad-47c4-973d-2329dface8f8,persistent.finance,available,11.99,84.99,high,low,10,name.com,,,14/08/2026 14:58
8a91e61b-1640-4492-893a-2af13ddf1d3c,invigorate.finance,available,20.99,64.99,high,low,10,namesilo,,,22/09/2026 04:52
4320e2da-e4c2-4dee-8d45-aa040a8f4d61,harley.finance,available,20.99,64.99,high,low,6,namesilo,,,25/09/2026 12:17
31f70a9c-163a-43e8-b675-d0988d593f98,ochs.finance,available,17.48,82.98,medium,low,4,namecheap,,,17/09/2026 09:36
8a749343-d9f9-4bee-aa84-81aff8cd0638,anastasia.finance,available,15.73,51.95,medium,low,9,spaceship,,,29/09/2026 03:46
bbdc6991-2518-447d-906c-df23f4ad5f2a,abused.finance,available,11.99,84.99,high,low,6,name.com,,,
e4a6dd10-d991-4a97-9d97-ca466c145884,tripartite.finance,available,17.48,82.98,medium,low,10,namecheap,,,11/09/2026 14:23
164ee985-ee1e-4606-b5fb-1b2259145614,invitation.finance,available,15.99,,high,low,10,name.com,,,
36f93142-ff08-4917-b0d3-282ccba546fd,interfere.finance,available,20.99,64.99,high,low,9,namesilo,,,28/09/2026 03:20
47907577-2302-4a6e-b9cb-c19701d7c715,mcmaster.finance,available,15.73,51.95,medium,low,8,spaceship,,,29/09/2026 01:24
6b694414-1fe6-497e-8679-f7faec7882a9,anzio.finance,available,20.99,64.99,medium,low,5,namesilo,,,19/09/2026 16:01
e763d631-d1e6-4a2b-8d75-183db4350389,crushing.finance,available,11.99,84.99,high,low,8,name.com,,,13/08/2026 09:13
bf1fee77-27dd-4af5-98bd-181c78874dd3,jeans.finance,available,15.73,51.95,medium,low,5,spaceship,,,28/09/2026 12:09
c9260ca9-76e1-4982-a908-fe76f5be70b3,ruin.finance,available,11.99,84.99,high,low,4,name.com,,,08/08/2026 13:39
0a63bb81-db89-4631-ac62-b3958632a4a9,unaltered.finance,available,11.99,84.99,high,low,9,name.com,,,12/09/2026 00:30
5dfe6b65-dcab-46e0-b1e2-0fdb8c41cb0d,designer.finance,premium,78.54,78.54,high,low,8,namesilo,,,20/09/2026 02:12
4ba8cf20-37dc-43c7-ab1c-c65fb2a85e9b,fragments.finance,available,15.73,51.95,low,low,9,spaceship,,,29/09/2026 05:00
13f641a6-ce46-4723-a5d6-7c50c865bf44,archil.finance,available,17.48,82.98,medium,low,6,namecheap,,,20/09/2026 02:06
c4f07ca3-c059-40d2-ab2b-4e802af6f452,benefice.finance,available,17.48,82.98,high,low,8,namecheap,,,23/09/2026 07:54
a053984b-938a-48fb-9dd6-62c919b69ebc,discussed.finance,available,20.99,64.99,medium,low,9,namesilo,,,27/09/2026 10:04
ff9617a0-5ed5-4c32-be12-46fa3ab02c14,christine.finance,available,6.69,52.01,high,low,9,porkbun,,,27/09/2026 19:02
3eba3388-9ac5-432e-a60f-9800dc7eff4d,eudaemonic.finance,available,11.99,84.99,medium,low,10,name.com,,,17/08/2026 14:10
4acd20fe-89a4-48fa-9809-e62247e3a800,annoyed.finance,available,20.99,64.99,medium,low,7,namesilo,,,22/09/2026 05:18
499b13f2-5060-4c58-a692-95174cb696f3,majestic.finance,resell,,,high,low,8,UM DOMAINS PTE. LTD,06/09/2026 15:15,06/09/2027 15:15,26/09/2026 07:23
24cc6d64-117c-4ec8-ac2a-9ece3ba0898d,ira.finance,resell,,,high,low,3,,,,28/09/2026 14:31
3717d711-9229-45b7-aece-c258caa60069,assegai.finance,available,20.99,64.99,medium,low,7,namesilo,,,20/09/2026 15:40
bb53fc67-a621-4e1c-96ce-611598bf00d0,piece.finance,available,20.99,64.99,high,low,5,namesilo,,,20/09/2026 09:57
c3b8bd71-704d-4c76-a46f-ef5eff1cbbbf,testify.finance,available,20.99,64.99,high,low,7,namesilo,,,25/09/2026 11:08
f341cdf8-961c-4f5b-87d6-28c2a56c45bc,illiterate.finance,available,11.99,84.99,medium,low,10,name.com,,,21/08/2026 20:03
21643199-6d57-45b9-b54e-80d61f5aa22b,untold.finance,available,17.48,82.98,medium,low,6,namecheap,,,12/09/2026 21:37
9d7cab6c-11b5-4937-b63f-91dd1b4057e8,laugh.finance,available,15.99,,high,low,5,name.com,,,
569d1dbf-2b6a-4775-861b-fa1f859d4e13,soprano.finance,available,17.48,82.98,high,low,7,namecheap,,,10/09/2026 14:24
d1922316-8d42-4040-a746-01746d3b7c59,pucka.finance,available,17.48,82.98,medium,low,5,namecheap,,,09/09/2026 05:26
25d9227e-36ce-4aac-a8d6-651ca38fb113,shrewdness.finance,available,17.48,82.98,high,low,10,namecheap,,,20/09/2026 18:18
b2f04c41-68f2-44cb-babd-2615e28c0ea2,frankie.finance,available,20.99,64.99,high,low,7,namesilo,,,26/09/2026 03:25
cf317456-2528-40a5-91e1-d52e2459659a,excavate.finance,available,11.99,84.99,high,low,8,name.com,,,21/08/2026 10:33
9bc2d147-c953-4929-8b03-6e929f0bb5f4,putin.finance,available,17.48,82.98,medium,low,5,namecheap,,,28/09/2026 02:59
e55742be-5e67-4ed9-a391-760161d537b8,satisfies.finance,available,20.99,64.99,medium,low,9,namesilo,,,20/09/2026 14:54
a56adc6c-1a6a-440a-881e-3ed1aea27744,acids.finance,available,15.99,,medium,low,5,name.com,,,
0052e686-92dc-4f34-b8f4-e927d6390055,por.finance,premium,36.32,72.57,medium,low,3,porkbun,,,28/09/2026 21:27
0517de26-a0e8-4671-b4b4-9787801ad2a9,mcguire.finance,available,20.99,64.99,high,low,7,namesilo,,,27/09/2026 08:49
bfc180bc-2761-41e6-b12f-a10b2a99fca9,campfire.finance,resell,,,high,low,8,"Sav.com, LLC - 11",25/09/2025 15:15,25/09/2027 15:15,26/09/2026 04:44
1c41572a-9663-4a6d-98d8-0aa8111d58c3,judas.finance,available,17.48,82.98,medium,low,5,namecheap,,,28/09/2026 19:35
f3a9efb5-b1b4-4903-8620-1a83dc76a313,determines.finance,available,20.99,64.99,medium,low,10,namesilo,,,19/09/2026 23:58
b7a50358-6982-4f32-b642-593bd7e93e7d,falkland.finance,available,15.73,51.95,medium,low,8,spaceship,,,28/09/2026 12:09
25c49bde-2ba0-448e-9859-4ae518eb4aaa,alienate.finance,available,11.99,84.99,high,low,8,name.com,,,
2d69ece4-23b3-460f-8a24-a8ee367565ad,coalition.finance,available,20.99,64.99,high,low,9,namesilo,,,18/09/2026 07:45
8b9ab16f-55a7-436d-9546-b97840875da3,graven.finance,available,11.99,84.99,medium,low,6,name.com,,,17/08/2026 07:43
86fc17a1-97e3-4d9e-ad79-03ab7ffc5302,eulogy.finance,available,17.48,82.98,high,low,6,namecheap,,,05/09/2026 00:43
ad4362b7-f3d0-48ab-bc3d-db0a359aee70,cosher.finance,available,11.99,84.99,medium,low,6,name.com,,,13/08/2026 02:47
c74d3173-62d6-4ea5-843b-aa55097dcc29,agapanthus.finance,available,20.99,64.99,medium,low,10,namesilo,,,17/09/2026 16:11
0b01deaa-b0bf-4c4c-8b6a-8c79a56d10a6,grueling.finance,available,11.99,84.99,medium,low,8,name.com,,,06/08/2026 16:45
3e754d1c-a218-42ce-a309-43ceb994464e,earthen.finance,available,11.99,84.99,high,low,7,name.com,,,14/08/2026 22:38
ef5e7677-821f-4f98-a4a5-0113c75dbad0,augend.finance,available,20.99,64.99,medium,low,6,namesilo,,,21/09/2026 03:16
054b3716-4a67-4a38-941d-ef0b543a10b2,screwing.finance,available,11.99,84.99,medium,low,8,name.com,,,18/08/2026 17:28
201d6edc-b04a-4db0-b53a-a0383919e6be,nocent.finance,available,17.48,82.98,medium,low,6,namecheap,,,03/09/2026 18:02
391392d2-b5dd-4f65-8db2-5a64e356055c,abnormalcy.finance,available,20.99,64.99,medium,low,10,namesilo,,,16/09/2026 16:19
3efe3395-9dcf-44fa-836b-a39cbaaed963,plausibly.finance,available,17.48,82.98,medium,low,9,namecheap,,,14/09/2026 09:28
547010e7-deb8-4a9c-be9b-42f489f2c697,tongue.finance,available,15.99,,high,low,6,name.com,,,
c028a271-6227-48d3-be26-a8e5ae737d14,autoclave.finance,available,11.99,84.99,medium,low,9,name.com,,,21/09/2026 06:03
8d52ed65-93d3-4193-9c38-786677c2d435,impending.finance,available,11.99,84.99,high,low,9,name.com,,,21/08/2026 20:59
5c0fa122-dd05-4d13-b8e0-0094c76c2ca1,waterfowl.finance,available,20.99,64.99,high,low,9,namesilo,,,19/09/2026 17:39
ef6a62b9-a411-46e2-ac23-0687c2af1d55,miao.finance,available,11.99,84.99,high,low,4,name.com,,,21/08/2026 10:03
96da7c95-26c5-41cb-b58b-43cda0b6582d,somali.finance,available,17.48,82.98,medium,low,6,namecheap,,,10/09/2026 13:58
5d868ceb-ee3a-4aa3-a30c-578831f8b5b7,fecal.finance,available,11.99,84.99,medium,low,5,name.com,,,17/08/2026 20:38
dd0aad88-1f38-42ab-8816-b21d5c6ea09d,proofed.finance,available,17.48,82.98,medium,low,7,namecheap,,,09/09/2026 03:24
978b86a7-91c1-4481-a4cc-cd04a4f2abe4,deficient.finance,available,11.99,84.99,medium,low,9,name.com,,,13/08/2026 23:22
05b75a1e-be23-462d-9a5c-402c6d8d3f23,terrene.finance,available,17.48,82.98,medium,low,7,namecheap,,,11/09/2026 10:41
47a1585d-2b39-4ad4-9a5a-d9e50202d9ec,artiste.finance,available,20.99,64.99,high,low,7,namesilo,,,20/09/2026 11:55
2d54078b-c131-48f4-a1f0-2c8b278839d5,horn.finance,available,20.99,64.99,high,low,4,namesilo,,,21/09/2026 07:21
604de366-9c7d-4a72-b988-58f728990408,adair.finance,available,6.64,53.72,medium,low,5,dynadot,,,28/09/2026 16:27
1ff8d8b1-1f54-4c8c-82eb-c6e972e95d4d,affectionate.finance,available,15.99,,high,low,12,name.com,,,
22e01e1e-01f9-4c16-aad7-4c2a3491f779,slovene.finance,available,17.48,82.98,medium,low,7,namecheap,,,28/09/2026 20:30
f4bfccbf-20c9-4c63-87f5-474b9c1f3c99,animalia.finance,available,20.99,64.99,medium,low,8,namesilo,,,19/09/2026 08:37
3fc368e7-f1aa-4547-9931-23baa7e7bff5,presumably.finance,available,17.48,82.98,medium,low,10,namecheap,,,15/09/2026 21:20
6a5998f0-7b1d-4bdb-839c-9e3e5ea78897,purblind.finance,available,11.99,84.99,medium,low,8,name.com,,,14/08/2026 07:58
08b84c0f-e5b9-4eca-ae5a-54461e1abba1,mayoral.finance,available,11.99,84.99,medium,low,7,name.com,,,24/08/2026 18:00
89f04b01-a7ff-43cb-a5ee-79ef85f83091,legible.finance,available,11.99,84.99,high,low,7,name.com,,,22/08/2026 22:59
23c3e25d-726b-4eb4-a200-4d65c5ada9b2,deprave.finance,available,11.99,84.99,medium,low,7,name.com,,,13/08/2026 02:24
2e875fea-6bd5-4c54-a248-b77b56d0438d,duple.finance,available,11.99,84.99,medium,low,5,name.com,,,14/08/2026 20:37
948abece-ac47-4ebc-bfd6-92e5a712ebe0,apophthegm.finance,available,20.99,64.99,medium,low,10,namesilo,,,19/09/2026 17:11
48cdfc3f-ad8f-48e5-8bf9-5397d94dc257,artefact.finance,available,20.99,64.99,high,low,8,namesilo,,,20/09/2026 10:07
2aa6318c-6e7c-4d59-9314-f8a619f8b0ea,clumsy.finance,available,20.99,64.99,medium,low,6,namesilo,,,23/09/2026 11:20
c302eb39-b32e-4845-9c7f-1d81a9f7997d,patriotic.finance,available,20.99,64.99,high,low,9,namesilo,,,27/09/2026 03:06
6cd00d5a-5bfe-46ea-b771-18dd13070054,noted.finance,available,11.99,84.99,high,low,5,name.com,,,11/08/2026 23:17
cac4756a-8f21-43c2-86e4-3b02b96f367b,endogenic.finance,available,11.99,84.99,medium,low,9,name.com,,,17/08/2026 01:13
eefde23f-80bf-4916-a1a9-0f76a3d39578,bearable.finance,available,11.99,84.99,medium,low,8,name.com,,,09/08/2026 04:27
8236a1db-5bb2-464c-aa7b-0eeca340268f,befog.finance,available,17.48,82.98,medium,low,5,namecheap,,,03/09/2026 23:52
d60a87a1-7937-49e6-9b59-8233196ffb99,dun.finance,available,11.99,84.99,medium,low,3,name.com,,,14/08/2026 21:12
6b5e0d89-0962-49d0-8b2a-06f4c4743736,paneled.finance,available,11.99,84.99,medium,low,7,name.com,,,05/09/2026 00:50
6dfcecf3-8c75-496d-80b3-a1250edaffb9,resistant.finance,available,17.48,82.98,high,low,9,namecheap,,,09/09/2026 15:18
54ad9e9a-4fae-4c13-8676-ef2cf4583463,bradley.finance,available,20.99,64.99,high,low,7,namesilo,,,25/09/2026 02:09
6cbaf14c-3a13-4c17-ad8d-79ef55270b8f,conjecture.finance,available,20.99,64.99,high,low,10,namesilo,,,24/09/2026 17:17
a2809b35-4770-4bdc-9ccd-84aa35c6bcb8,eruptive.finance,available,11.99,84.99,medium,low,8,name.com,,,17/08/2026 13:12
23032a20-f788-413c-b5ad-7ad9b6173e70,rutgers.finance,available,17.48,82.98,high,low,7,namecheap,,,25/09/2026 20:41
56b4086c-a614-4c22-a3d2-3d2ed9f0b183,divinity.finance,available,17.48,82.98,high,low,8,namecheap,,,24/09/2026 21:26
7831f708-f807-486d-8f3d-d0257add48c0,overpriced.finance,available,17.48,82.98,medium,low,10,namecheap,,,04/09/2026 21:26
bbdd87ba-6eb3-42bf-bf9c-b427907d2079,patois.finance,available,17.48,82.98,medium,low,6,namecheap,,,13/09/2026 04:15
f8c8ad3f-c030-4a01-9203-ceefae521f76,sirens.finance,available,11.99,84.99,medium,low,6,name.com,,,21/09/2026 02:34
dbb2d610-97cd-4d19-a604-4d3983bd7d69,para.finance,resell,,,high,low,4,"Sav.com, LLC - 41",14/04/2026 15:15,14/04/2027 15:15,26/09/2026 08:01
2714861a-3c71-4815-b05a-463f9e957e19,auberge.finance,available,20.99,64.99,medium,low,7,namesilo,,,21/09/2026 02:29
9f2dee65-0e6b-434a-9480-f79be875e72b,genuinely.finance,available,20,,medium,low,9,unstoppable,,,28/09/2026 13:10
a05d9554-f133-421a-a06e-986bb5fe0c66,anhedonia.finance,available,20.99,64.99,medium,low,9,namesilo,,,19/09/2026 07:46
cd891541-8f67-4a23-b4e2-8d5d4d4364f0,repellent.finance,available,11.99,84.99,medium,low,9,name.com,,,14/08/2026 10:39
a4d15c3b-d9a9-4708-b2ee-1515c79353ea,loeb.finance,available,39.99,111.99,high,low,4,godaddy,,,28/09/2026 02:11
324995f1-5ae5-485f-b0e3-06431175450d,carrie.finance,available,15.99,,high,low,6,name.com,,,
101404fa-ffbd-42d0-b873-ad946af4ebb1,ahriman.finance,available,17.48,82.98,medium,low,7,namecheap,,,17/09/2026 20:33
e96ce364-2552-4061-be23-e8acc71c805e,person.finance,available,20.99,64.99,high,low,6,namesilo,,,25/09/2026 09:11
91047d10-d87d-486c-bf1f-bd9309e56318,rubinstein.finance,available,17.48,82.98,medium,low,10,namecheap,,,19/09/2026 15:30
e31b45b8-5b3d-43e3-ad9c-2804ea84e1d7,invariable.finance,available,11.99,84.99,high,low,10,name.com,,,12/08/2026 22:58
9257b0bf-2967-48f1-9b67-6d59ce6ec757,haifa.finance,available,6.69,52.01,high,low,5,porkbun,,,28/09/2026 02:03
340b0659-f41b-4fa6-acc2-ba31f4410486,homicide.finance,available,20.99,64.99,medium,low,8,namesilo,,,25/09/2026 07:26
1a7d4df3-80f3-4145-9e12-3bf498c8f309,asphodel.finance,available,20.99,64.99,medium,low,8,namesilo,,,20/09/2026 15:08
69b6f6ba-d7d0-4c8a-9d3c-2aba298d363e,straws.finance,available,17.48,82.98,medium,low,6,namecheap,,,20/09/2026 08:03
26b02c4f-0641-4f46-b2a2-187964c8848f,adenoma.finance,available,20.99,64.99,medium,low,7,namesilo,,,17/09/2026 07:30
9ee21aa6-3db4-4400-a95e-b7b9cb009af1,aberration.finance,available,20.99,64.99,medium,low,10,namesilo,,,16/09/2026 15:14
c0ff6221-e943-4070-8873-1b2a7e818ea0,discharged.finance,available,11.99,84.99,medium,low,10,name.com,,,14/08/2026 09:49
138fedf0-51df-4c72-a74e-277021674599,gonzo.finance,available,11.99,84.99,high,low,5,name.com,,,10/08/2026 10:27
877606f8-6e9d-4431-970b-31ed01dd249f,clastic.finance,available,11.99,84.99,medium,low,7,name.com,,,12/08/2026 09:56
4ce090fc-829e-438f-8427-4f84942221de,perfectly.finance,available,20,,high,low,9,unstoppable,,,28/09/2026 11:37
6b3991a4-22b1-47b2-8bd5-b140c7786c3b,friedrich.finance,available,17.48,82.98,high,low,9,namecheap,,,25/09/2026 18:50
6cd6100f-6647-41c2-9263-d0c423ff5c16,applejack.finance,available,17.48,82.98,medium,low,9,namecheap,,,19/09/2026 21:35
5020238f-4cfc-4012-9eb7-d97e739a5280,fitzgerald.finance,available,20.99,64.99,high,low,10,namesilo,,,25/09/2026 05:15
7050399c-cca9-4cf0-812c-d47f1d45161a,offline.finance,resell,,,high,medium,8,Dynadot Inc,05/04/2026 16:11,05/04/2027 16:11,26/09/2026 07:52
64413544-8597-46c3-ab09-a1a3d90ad986,paranoid.finance,available,17.48,82.98,high,low,8,namecheap,,,08/09/2026 01:06
8d4b0bf3-012b-4365-9d96-6db55bcf2a05,violation.finance,available,15.99,,high,low,9,name.com,,,
211bc221-1612-46a5-a6b3-35ff29e1c540,rebellious.finance,available,11.99,84.99,medium,low,10,name.com,,,14/08/2026 09:25
12a8c066-5a60-4f54-853e-0f805d8c6ec4,buttocks.finance,available,11.99,84.99,medium,low,8,name.com,,,09/08/2026 10:25
75cc046b-8231-49ef-bf6c-abea9e0d09b3,crashes.finance,available,15.73,51.95,low,low,7,spaceship,,,29/09/2026 05:45
19b14d83-8191-428d-80e6-9bc145a48f27,jonathan.finance,available,20.99,64.99,high,low,8,namesilo,,,25/09/2026 08:03
757c6893-99e6-4f56-ba68-4a1be2c3b823,collarbone.finance,available,15.99,,medium,low,11,name.com,,,
de9ebede-6420-40b3-b7db-273c3005fae5,yersin.finance,available,20.99,64.99,medium,low,6,namesilo,,,18/09/2026 05:59
96cb8581-e8e3-42b2-a6cd-dd77a4c59391,seventies.finance,available,20.99,64.99,medium,low,9,namesilo,,,16/09/2026 12:13
ec06a5a8-8a44-4877-8e00-f322038925c2,recklessly.finance,available,17.48,82.98,medium,low,10,namecheap,,,15/09/2026 22:49
72bde581-9ab5-4ff0-8bc8-2af0d996b1a6,zirconium.finance,available,11.99,84.99,medium,low,9,name.com,,,20/09/2026 23:04
15e2ea2d-d405-4ef4-8b93-b4150c20cb6f,hodgkin.finance,available,20.99,64.99,medium,low,7,namesilo,,,18/09/2026 01:43
202fc8ab-b634-4c21-a85c-da026eb1d722,biff.finance,available,20.99,64.99,medium,low,4,namesilo,,,23/09/2026 13:51
e19c7ecb-3459-49aa-a6cf-340ad889436d,smelling.finance,available,6.64,53.72,high,low,8,dynadot,,,27/09/2026 22:56
442f169c-73b0-40e5-a2eb-f5cc65965770,aboveboard.finance,available,11.99,84.99,high,low,10,name.com,,,
5699eb50-28a8-4dad-8bf3-02b92cbe6c2c,copperhead.finance,available,17.48,82.98,medium,low,10,namecheap,,,17/09/2026 18:16
1565332b-c64e-497c-a018-aabf1140daf5,nominee.finance,available,15.99,,high,low,7,name.com,,,
ffe5d77d-d03d-4a05-b377-74b0b0e64eb6,lens.finance,available,,,high,medium,4,,,,
98ff8e76-3774-4cc3-a229-bd380f52d62a,salmon.finance,resell,,,high,low,6,"GoDaddy.com, LLC",16/11/2021 17:00,16/11/2026 17:00,27/09/2026 03:51
7f84eb7b-db25-4ee1-b538-bf66c62f8722,imply.finance,available,15.73,51.95,high,low,5,spaceship,,,29/09/2026 00:48
161e1c5e-eb4c-4dfe-8cac-478357ecf376,spanking.finance,available,11.99,84.99,high,low,8,name.com,,,11/08/2026 04:33
3c9ee8dd-7085-45ff-948c-44847c6466d8,unsheathed.finance,available,17.48,82.98,medium,low,10,namecheap,,,12/09/2026 19:47
7fbfec23-297d-4798-8f76-ef9b85551e0b,gnarly.finance,available,11.99,84.99,medium,low,6,name.com,,,20/08/2026 15:38
afc6b723-171b-4ced-a90b-1c8f5b4c73c8,macdonald.finance,available,20.99,64.99,medium,low,9,namesilo,,,25/09/2026 15:47
bcbd9594-18d3-4100-a774-2764b1fb4c8f,tattler.finance,available,17.48,82.98,medium,low,7,namecheap,,,11/09/2026 10:30
eb469db8-b3ae-4b33-b927-d7dc0d8cc789,festive.finance,available,11.99,84.99,high,low,7,name.com,,,18/08/2026 02:14
2151f9ea-7ee4-499f-83ca-1044597c913b,abstruse.finance,available,11.99,84.99,medium,low,8,name.com,,,
1b0974a7-d954-455f-ad0b-c84d4b5c9cd5,aluminate.finance,available,20.99,64.99,medium,low,9,namesilo,,,18/09/2026 15:13
24f55431-2f34-4497-a291-6f841fb841a2,fruitcake.finance,available,17.48,82.98,medium,low,9,namecheap,,,10/09/2026 00:13
b9164124-2675-4aa2-8ce8-bda6b5134f8a,laffer.finance,available,17.48,82.98,high,low,6,namecheap,,,20/09/2026 10:59
a53fde19-18ed-41b7-99b0-390e71a330e0,nurtural.finance,available,17.48,82.98,medium,low,8,namecheap,,,03/09/2026 23:07
1a6e4675-1004-47d9-8876-45b2182381b1,armored.finance,available,17.48,82.98,high,low,7,namecheap,,,22/09/2026 08:00
1330dce2-0bef-4ec9-abf6-b907a9da2fef,clv.finance,available,11.99,84.99,high,low,3,name.com,,,
8d48cf1a-b1b9-467b-a8b6-f4db7bd35d35,cuthbert.finance,available,20,,medium,low,8,unstoppable,,,29/09/2026 03:58
7c92d2ac-315d-453c-96fc-5b7bf2201a3e,deciduous.finance,available,11.99,84.99,medium,low,9,name.com,,,13/08/2026 21:26
8e0c78db-bcf0-4d66-959a-abcdde1d8306,ancestral.finance,available,11.99,84.99,high,low,9,name.com,,,
c6893c8b-543b-4a46-a0b5-cf4956d7d3c0,blackmail.finance,available,20.99,64.99,high,low,9,namesilo,,,24/09/2026 02:52
5f2d1593-35cd-4059-bfb8-4706a39f4a8c,calmly.finance,available,17.48,82.98,high,low,6,namecheap,,,14/09/2026 05:04
cab1c07a-a747-48cf-8f5d-a5ec0cce2c2f,barton.finance,available,15.73,51.95,high,low,6,spaceship,,,28/09/2026 11:33
ebb43b1c-1580-4dda-b9d2-980799f048f1,deathless.finance,available,11.99,84.99,medium,low,9,name.com,,,13/08/2026 20:02
5cbb653f-dd67-4207-8afc-67033dca7645,comically.finance,available,17.48,82.98,medium,low,9,namecheap,,,14/09/2026 07:31
191e21d8-cea4-49ac-85d9-c858b29b72d9,comedo.finance,available,20.99,64.99,medium,low,6,namesilo,,,24/09/2026 02:47
48c3f0fa-7b42-4edc-8aed-d41e06c4076e,spoof.finance,available,20.99,64.99,high,low,5,namesilo,,,23/09/2026 11:26
a38a4576-2d92-40c6-81a5-e71641ca6ec3,ibrahim.finance,available,17.48,82.98,high,low,7,namecheap,,,16/09/2026 16:51
9be6295c-690e-4314-a59b-34f69d7e3e13,cutting.finance,available,11.99,84.99,high,low,7,name.com,,,13/08/2026 13:12
79b670c7-8e73-4cac-aed5-516c1589a6d6,zag.finance,available,17.48,82.98,high,low,3,namecheap,,,13/09/2026 15:17
dd16b6ae-40a3-487a-a8f1-efe3c04f7fff,greeks.finance,available,50.2,50.2,medium,low,6,cloudflare,,,28/09/2026 22:45
fd22a354-db16-41c2-b74c-9282db88cd6c,arak.finance,available,20.99,64.99,medium,low,4,namesilo,,,19/09/2026 23:47
8eaa4c4f-8617-4819-ad84-8e650cfda890,weirdness.finance,available,17.48,82.98,medium,low,9,namecheap,,,23/09/2026 23:18
4ca7c97c-654f-49e5-9a9a-283680f83b27,situation.finance,available,6.69,52.01,high,low,9,porkbun,,,29/09/2026 02:15
fc7016be-4b12-43a7-aa58-414ceef78648,barkley.finance,available,20.99,64.99,high,low,7,namesilo,,,18/09/2026 02:32
ccbd6101-f2f0-48e3-9054-3c036df32eca,endeavour.finance,available,20.99,64.99,high,low,9,namesilo,,,21/09/2026 01:16
622e389f-9344-4008-aa15-f9342e646dd9,assault.finance,available,20.99,64.99,medium,low,7,namesilo,,,20/09/2026 15:48
ac0c677a-7b87-4ac6-92ee-0ddf20973861,hellish.finance,available,11.99,84.99,medium,low,7,name.com,,,09/08/2026 04:59
41da3266-6bbd-4b44-9b78-fb508c585f07,perdurable.finance,available,17.48,82.98,medium,low,10,namecheap,,,08/09/2026 16:24
a841db1b-13ad-41f1-a8e6-3075cbe3d8ac,breed.finance,available,50.2,50.2,high,low,5,cloudflare,,,27/09/2026 11:59
e8194add-ef99-4f71-a9ee-dc8cfc712382,gpa.finance,resell,,,high,low,3,,,,28/09/2026 05:52
0b78f3d2-a605-4560-907f-6d767de751cf,indecorous.finance,available,11.99,84.99,medium,low,10,name.com,,,22/08/2026 02:18
3ae1f632-dd06-4f16-b6e6-72a8ba2508e4,unstaged.finance,available,17.48,82.98,medium,low,8,namecheap,,,12/09/2026 20:29
2ebf5f3d-6fc7-43aa-808b-62b46b8e3ec0,rant.finance,available,20.99,64.99,high,low,4,namesilo,,,24/09/2026 03:37
aac9465b-b50c-4983-9dc6-472e7e8c15a6,stoolie.finance,available,11.99,84.99,medium,low,7,name.com,,,11/08/2026 16:46
77d5171d-1ec6-47a9-aa10-099810b9cf8a,degage.finance,available,11.99,84.99,medium,low,6,name.com,,,13/08/2026 23:57
e45fa915-ff0e-4d03-8401-eb3940fc6b5c,estimable.finance,available,11.99,84.99,high,low,9,name.com,,,12/08/2026 19:44
2e0c5955-36b0-49e1-aab7-3a5ec7dd21c6,bauxite.finance,available,20.99,64.99,medium,low,7,namesilo,,,22/09/2026 16:42
1c55ae97-d6bb-4a93-b4f8-ce829f36d101,conjointly.finance,available,17.48,82.98,medium,low,10,namecheap,,,14/09/2026 07:27
332a9d32-4228-44bd-8d00-710fdc5dfad2,tamanoir.finance,available,20.99,64.99,medium,low,8,namesilo,,,19/09/2026 12:16
823b911b-18fc-46a8-9c4d-618f24054c47,alain.finance,resell,,,high,low,5,,,,27/09/2026 07:38
2db460f8-0ccf-4aa5-9dd4-706fe2b3a09b,theatre.finance,available,20.99,64.99,high,low,7,namesilo,,,24/09/2026 23:54
1c2d35ee-cff0-4e6e-b04a-1c936ad2ddbc,ocular.finance,available,17.48,82.98,high,low,6,namecheap,,,04/09/2026 00:41
323b4126-275d-4dd2-8550-a5d93fdb3812,chequered.finance,available,11.99,84.99,medium,low,9,name.com,,,12/08/2026 03:40
824ea23c-5ad3-4cb9-bc46-bae27975c8e8,vegetative.finance,available,17.48,82.98,medium,low,10,namecheap,,,13/09/2026 01:44
26e8ada4-e6f6-4d2b-9e8e-bb6c715d2c1b,antagonism.finance,available,20.99,64.99,medium,low,10,namesilo,,,19/09/2026 12:27
ddc37ecf-5b12-4251-83ee-e31ad5c9fb8e,trial.finance,premium,250,,high,low,5,name.com,,,
5776edb2-4b4c-446a-9c1f-76488638c6c2,segmented.finance,available,11.99,84.99,medium,low,9,name.com,,,24/08/2026 21:43
6e926b8e-8741-45a2-bccc-bc76dba6fc49,costless.finance,available,11.99,84.99,medium,low,8,name.com,,,13/08/2026 03:12
67f29de2-5d02-4278-8df5-a7387bfc2a5c,uptight.finance,available,11.99,84.99,medium,low,7,name.com,,,15/08/2026 09:30
c57b1360-ed40-4994-a2fb-9c62d25c0897,autocue.finance,available,20.99,64.99,medium,low,7,namesilo,,,21/09/2026 06:14
811eb843-3578-4e51-81d6-38fb46e74427,watched.finance,available,20.99,64.99,high,low,7,namesilo,,,18/09/2026 01:33
9f103a53-84e9-42c8-a7b3-f4ba061691b3,toothless.finance,available,17.48,82.98,medium,low,9,namecheap,,,11/09/2026 17:15
dab6295e-8014-4e5c-a188-fd38e546433a,witty.finance,available,50.2,50.2,high,low,5,cloudflare,,,28/09/2026 10:42
f8fed675-583f-4edb-86b0-cd78fa35aacb,death.finance,resell,,,high,low,5,"NameCheap, Inc.",15/11/2023 17:00,15/11/2026 17:00,26/09/2026 05:27
483a4e12-d7fa-4d2a-a6c5-c46163083aef,orthoptic.finance,available,17.48,82.98,medium,low,9,namecheap,,,04/09/2026 18:06
bd878e26-ca3e-46e2-80ba-d32911f9ea48,accuse.finance,available,20.99,64.99,medium,low,6,namesilo,,,29/09/2026 02:41
88e93e65-52dc-4a68-a380-1f6e3b556f51,goodman.finance,available,20.99,64.99,high,low,7,namesilo,,,23/09/2026 08:16
856442fc-610c-498a-a37f-90a27805dde5,oatmeal.finance,available,15.73,51.95,high,low,7,spaceship,,,29/09/2026 05:27
98147544-34b1-4f57-a989-add8f86acf90,bodies.finance,available,17.48,82.98,medium,low,6,namecheap,,,25/09/2026 16:46
425bd619-e9ff-48b8-a32b-9d17f60b5f6f,caught.finance,available,15.99,,high,low,6,name.com,,,
a3a6162e-ee76-48b2-8d11-9896fdfc3e61,deductive.finance,available,11.99,84.99,medium,low,9,name.com,,,13/08/2026 22:29
b47d5a1a-7d2a-440c-86ea-89ef4297f65a,hickman.finance,available,20.99,64.99,high,low,7,namesilo,,,28/09/2026 16:11
783f0cdc-e014-4601-816a-8b89b5fb0213,edwards.finance,available,20,,medium,low,7,unstoppable,,,28/09/2026 09:34
e28c09ce-bfa6-45e3-8efc-45863e7bb392,plastered.finance,available,11.99,84.99,medium,low,9,name.com,,,09/08/2026 15:43
a72d89eb-887d-4862-b83c-5b37828795d2,resign.finance,available,15.73,51.95,high,low,6,spaceship,,,28/09/2026 11:09
c92b60f7-1daf-48a0-85c9-6f009e9bce2d,blanc.finance,available,20.99,64.99,high,low,5,namesilo,,,24/09/2026 03:47
bc8f3743-db35-49e0-8d81-e98cb875b430,ghosts.finance,available,20.99,64.99,medium,low,6,namesilo,,,18/09/2026 22:14
1fe057cd-3024-4ff5-a9cf-02131e85c786,audiogram.finance,available,20.99,64.99,medium,low,9,namesilo,,,21/09/2026 02:55
4d95e4ec-72ad-43d5-b2d9-8b8a1fdaa72f,restored.finance,resell,,,high,low,8,,,,28/09/2026 11:28
b6ed88a2-8c7c-40b7-a673-22973ae9a1cd,thirdhand.finance,available,17.48,82.98,medium,low,9,namecheap,,,11/09/2026 13:59
e5514525-391f-438c-887a-feb4354c11f7,lamb.finance,available,17.48,82.98,high,low,4,namecheap,,,27/09/2026 03:31
cd9af86f-0575-4597-a218-625768a5ea62,havana.finance,available,15.73,51.95,high,low,6,spaceship,,,28/09/2026 13:38
3a714aab-9bf8-496f-9a90-390ef86e5f29,phantasma.finance,available,17.48,82.98,high,low,9,namecheap,,,08/09/2026 18:38
286eb4d5-e3e5-4adf-a163-58ef825d609e,lowborn.finance,available,11.99,84.99,medium,low,7,name.com,,,24/08/2026 10:44
52772036-26c5-43a6-89fb-74687e0cf726,prate.finance,available,20.99,64.99,medium,low,5,namesilo,,,23/09/2026 23:29
8ec0fbf5-fa48-4e7e-8b32-a85f4f0e0faf,deceased.finance,available,20.99,64.99,medium,low,8,namesilo,,,22/09/2026 10:44
1679b6d7-8174-47a8-8aaa-b2d7479ff976,rhodesian.finance,available,11.99,84.99,high,low,9,name.com,,,09/09/2026 16:41
64be21d1-b688-45b7-a59b-f40d88d017af,carboxylic.finance,available,11.99,84.99,medium,low,10,name.com,,,11/08/2026 18:46
2276f15c-893f-4f1e-9620-fb0524f83db8,albums.finance,available,20.99,64.99,medium,low,6,namesilo,,,29/09/2026 05:39
146b854a-6710-4246-87a0-15db4d1e54ca,mired.finance,available,11.99,84.99,medium,low,5,name.com,,,25/08/2026 01:04
c256338b-1e37-4fa9-a7b0-d5a620d664ab,agastache.finance,available,17.48,82.98,medium,low,9,namecheap,,,17/09/2026 16:24
98390639-2427-4eb1-beb2-8812be6e1406,searing.finance,available,11.99,84.99,medium,low,7,name.com,,,10/09/2026 00:54
c59a1a93-11ac-4575-ae27-c035c926fb93,maledict.finance,available,11.99,84.99,low,low,8,name.com,,,
6a4f4a28-cf93-470b-93dc-a8fd4b048048,scab.finance,available,20.99,64.99,medium,low,4,namesilo,,,24/09/2026 02:52
5586b8ef-4e29-4665-bcd6-9164cea6673e,arminius.finance,available,20.99,64.99,medium,low,8,namesilo,,,20/09/2026 07:08
96463d61-4cd6-4b27-940b-51b0026a71b2,pomegranates.finance,available,20.99,64.99,medium,low,12,namesilo,,,20/09/2026 01:42
c86672e7-a9d5-4128-94dc-3fb2b0a10ee8,beverley.finance,available,15.73,51.95,medium,low,8,spaceship,,,29/09/2026 00:09
78684f40-102f-456a-99ff-6f2abd5b5caf,assayer.finance,available,17.48,82.98,medium,low,7,namecheap,,,20/09/2026 15:59
fedf5a6e-e997-4ade-a6e4-701a31fc5e52,magnetised.finance,available,11.99,84.99,medium,low,10,name.com,,,24/08/2026 13:06
a2d27082-ee56-47b6-8432-97cae9ad1bc1,announcement.finance,available,20.99,64.99,high,low,12,namesilo,,,26/09/2026 00:47
a3f4c2ef-a243-44ce-b55f-7936a5045f13,vincenzo.finance,available,50.2,50.2,medium,low,8,cloudflare,,,29/09/2026 04:08
253a11fa-1044-4dd6-9351-c3addce4cb42,tissue.finance,available,20.99,64.99,high,low,6,namesilo,,,27/09/2026 05:43
61a9fc5d-89f6-477b-ac68-0d0aad729ea8,musts.finance,available,20.99,64.99,medium,low,5,namesilo,,,19/09/2026 21:45
edde9f17-33ec-46b5-8d56-2cf3231184f7,litoral.finance,available,11.99,84.99,medium,low,7,name.com,,,24/08/2026 07:36
e1dd980a-1baa-4682-8b02-47d8ecbcfae0,latvian.finance,available,11.99,84.99,medium,low,7,name.com,,,22/08/2026 20:47
cfec9616-7541-42c6-b32a-0ffc917c0dc0,ontogeny.finance,available,11.99,84.99,medium,low,8,name.com,,,20/08/2026 20:29
ba04a5ad-45e1-4abf-bdd7-7a41f51db1c5,lyrics.finance,available,15.99,,high,low,6,name.com,,,
1cf4de39-507c-45da-9c3b-a393c2416a2c,northmost.finance,available,17.48,82.98,medium,low,9,namecheap,,,03/09/2026 21:38
f640e8ac-7956-46c4-b2b0-f3ff7a0de93c,blackwood.finance,available,20.99,64.99,medium,low,9,namesilo,,,24/09/2026 03:25
5e4d5e3a-dd39-4806-9037-ab63d10dcde1,serving.finance,available,11.99,84.99,high,low,7,name.com,,,25/09/2026 23:06
6d7b73b9-6f26-4d46-9880-d4b7aeb853a3,spirited.finance,available,20.99,64.99,high,low,8,namesilo,,,27/09/2026 03:25
da71230a-6ab4-403b-92a5-fcc3125e69ea,thirteen.finance,available,17.48,82.98,high,low,8,namecheap,,,21/09/2026 11:32
a7969eae-e58e-4e53-a154-f7547b411b0d,villagers.finance,available,20.99,64.99,medium,low,9,namesilo,,,29/09/2026 05:33
19ad4837-accf-45ea-a68a-e3d6dd620c62,inapt.finance,available,11.99,84.99,medium,low,5,name.com,,,21/08/2026 18:51
cd6d90a9-2929-4ea4-9982-6e86c585b9e9,acclaim.finance,available,20.99,64.99,high,low,7,namesilo,,,16/09/2026 22:32
5a68c26c-35d7-4647-93d1-d2110d163b99,chelate.finance,available,11.99,84.99,medium,low,7,name.com,,,12/08/2026 04:03
bcfc2e79-50db-4e17-b543-8fedb4db02dd,hadean.finance,available,11.99,84.99,medium,low,6,name.com,,,20/08/2026 21:32
dc4e6552-021e-4d0b-9d74-bb3a4f7173cc,aflutter.finance,available,11.99,84.99,medium,low,8,name.com,,,
7de4ef95-518d-4896-838b-ccf1aac3015d,jangling.finance,available,11.99,84.99,medium,low,8,name.com,,,22/08/2026 12:19
193a937d-83a8-4bbf-abc5-f527a5910e23,corpulent.finance,available,11.99,84.99,medium,low,9,name.com,,,13/08/2026 01:57
22f83f02-033f-4795-9ce7-2eeb9cc44a30,melrose.finance,available,15.73,51.95,medium,low,7,spaceship,,,28/09/2026 08:55
b00ca533-c791-4baa-977d-a409e3e14274,currently.finance,available,20.99,64.99,high,low,9,namesilo,,,28/09/2026 14:29
7fadbd6f-0d0e-465b-b64e-02fa89adc471,acromion.finance,available,17.48,82.98,medium,low,8,namecheap,,,17/09/2026 03:49
03963d12-d3bd-442a-b9df-a92466d5bed2,colleague.finance,available,20.99,64.99,high,low,9,namesilo,,,24/09/2026 16:08
78fa2e54-9166-46f2-bb04-4707734f6e78,trounce.finance,available,11.99,84.99,medium,low,7,name.com,,,09/08/2026 05:27
d2e73b6e-3831-4b6d-aefd-6fe3cc765080,tewkesbury.finance,available,17.48,82.98,medium,low,10,namecheap,,,22/09/2026 16:07
803e9466-3333-4c4f-a64d-fdda262a171f,acarina.finance,available,17.48,82.98,medium,low,7,namecheap,,,16/09/2026 21:31
97213850-da88-441c-ae40-d882033c780c,conceit.finance,available,20.99,64.99,medium,low,7,namesilo,,,18/09/2026 22:51
24c37f7e-fa04-4824-a785-b5ffba496927,zheng.finance,available,20.99,64.99,medium,low,5,namesilo,,,28/09/2026 11:37
b74194b1-b6dc-4f56-bca5-1850b09f61bf,advisedly.finance,available,17.48,82.98,medium,low,9,namecheap,,,13/09/2026 17:38
b511f98c-124b-4563-83fc-114dd79d016a,eighter.finance,available,11.99,84.99,medium,low,7,name.com,,,
f766aa64-2c28-4aa6-99c6-b2effdb2d6dc,prosthetic.finance,available,17.48,82.98,high,low,10,namecheap,,,09/09/2026 03:55
7b8da502-c675-49d3-98e0-d1fcd483a59f,tycoons.finance,available,20.99,64.99,medium,low,7,namesilo,,,19/09/2026 22:53
9d5fd1e8-207a-46ef-838f-e0fa01efdd5c,zymotic.finance,available,17.48,82.98,medium,low,7,namecheap,,,13/09/2026 15:57
e5b4eec3-54d4-4558-95b3-60db19eb9987,dignity.finance,available,15.99,,high,low,7,name.com,,,
29af8780-4f69-4c89-8d0c-ec7084a2b180,mbd.finance,available,17.48,82.98,medium,low,3,namecheap,,,17/09/2026 06:35
ccfbc322-95b1-41dc-bda3-60f5495a21c7,bleak.finance,available,11.99,84.99,medium,low,5,name.com,,,08/08/2026 21:02
96940b90-8578-417c-ba67-e3a84040edb7,bonnily.finance,available,17.48,82.98,medium,low,7,namecheap,,,14/09/2026 01:04
6978a8e4-b2fa-4906-91ec-34a728d29581,centuries.finance,available,20.99,64.99,medium,low,9,namesilo,,,17/09/2026 04:43
a2c95d84-becb-48d7-a894-808d40c20f54,technological.finance,available,50.2,50.2,medium,low,13,cloudflare,,,29/09/2026 02:31